Copyright 1986-2022 Xilinx, Inc. All Rights Reserved. Copyright 2022-2024 Advanced Micro Devices, Inc. All Rights Reserved.
------------------------------------------------------------------------------------------------------------------------------------------------------------------------------------------------------------------------------------------------------------
| Tool Version : Vivado v.2024.2 (win64) Build 5239630 Fri Nov 08 22:35:27 MST 2024
| Date         : Sat May 16 13:02:38 2026
| Host         : DESKTOP-3JAF2N8 running 64-bit major release  (build 9200)
| Command      : report_timing_summary -max_paths 10 -report_unconstrained -file lbtiny_mem_viewer_top_timing_summary_routed.rpt -pb lbtiny_mem_viewer_top_timing_summary_routed.pb -rpx lbtiny_mem_viewer_top_timing_summary_routed.rpx -warn_on_violation
| Design       : lbtiny_mem_viewer_top
| Device       : 7a100t-csg324
| Speed File   : -1  PRODUCTION 1.23 2018-06-13
| Design State : Routed
------------------------------------------------------------------------------------------------------------------------------------------------------------------------------------------------------------------------------------------------------------

Timing Summary Report

------------------------------------------------------------------------------------------------
| Timer Settings
| --------------
------------------------------------------------------------------------------------------------

  Enable Multi Corner Analysis               :  Yes
  Enable Pessimism Removal                   :  Yes
  Pessimism Removal Resolution               :  Nearest Common Node
  Enable Input Delay Default Clock           :  No
  Enable Preset / Clear Arcs                 :  No
  Disable Flight Delays                      :  No
  Ignore I/O Paths                           :  No
  Timing Early Launch at Borrowing Latches   :  No
  Borrow Time for Max Delay Exceptions       :  Yes
  Merge Timing Exceptions                    :  Yes
  Inter-SLR Compensation                     :  Conservative

  Corner  Analyze    Analyze    
  Name    Max Paths  Min Paths  
  ------  ---------  ---------  
  Slow    Yes        Yes        
  Fast    Yes        Yes        


------------------------------------------------------------------------------------------------
| Report Methodology
| ------------------
------------------------------------------------------------------------------------------------

Rule       Severity          Description                                 Violations  
---------  ----------------  ------------------------------------------  ----------  
TIMING-17  Critical Warning  Non-clocked sequential cell                 292         
SYNTH-6    Warning           Timing of a RAM block might be sub-optimal  2           
TIMING-18  Warning           Missing input or output delay               15          

Note: This report is based on the most recent report_methodology run and may not be up-to-date. Run report_methodology on the current design for the latest report.



check_timing report

Table of Contents
-----------------
1. checking no_clock (292)
2. checking constant_clock (0)
3. checking pulse_width_clock (0)
4. checking unconstrained_internal_endpoints (703)
5. checking no_input_delay (14)
6. checking no_output_delay (31)
7. checking multiple_clock (0)
8. checking generated_clocks (0)
9. checking loops (0)
10. checking partial_input_delay (0)
11. checking partial_output_delay (0)
12. checking latch_loops (0)

1. checking no_clock (292)
--------------------------
 There are 292 register/latch pins with no clock driven by root clock pin: clk_bus_reg/Q (HIGH)


2. checking constant_clock (0)
------------------------------
 There are 0 register/latch pins with constant_clock.


3. checking pulse_width_clock (0)
---------------------------------
 There are 0 register/latch pins which need pulse_width check


4. checking unconstrained_internal_endpoints (703)
--------------------------------------------------
 There are 703 pins that are not constrained for maximum delay. (HIGH)

 There are 0 pins that are not constrained for maximum delay due to constant clock.


5. checking no_input_delay (14)
-------------------------------
 There are 14 input ports with no input delay specified. (HIGH)

 There are 0 input ports with no input delay but user has a false path constraint.


6. checking no_output_delay (31)
--------------------------------
 There are 31 ports with no output delay specified. (HIGH)

 There are 0 ports with no output delay but user has a false path constraint

 There are 0 ports with no output delay but with a timing clock defined on it or propagating through it


7. checking multiple_clock (0)
------------------------------
 There are 0 register/latch pins with multiple clocks.


8. checking generated_clocks (0)
--------------------------------
 There are 0 generated clocks that are not connected to a clock source.


9. checking loops (0)
---------------------
 There are 0 combinational loops in the design.


10. checking partial_input_delay (0)
------------------------------------
 There are 0 input ports with partial input delay specified.


11. checking partial_output_delay (0)
-------------------------------------
 There are 0 ports with partial output delay specified.


12. checking latch_loops (0)
----------------------------
 There are 0 combinational latch loops in the design through latch input



------------------------------------------------------------------------------------------------
| Design Timing Summary
| ---------------------
------------------------------------------------------------------------------------------------

    WNS(ns)      TNS(ns)  TNS Failing Endpoints  TNS Total Endpoints      WHS(ns)      THS(ns)  THS Failing Endpoints  THS Total Endpoints     WPWS(ns)     TPWS(ns)  TPWS Failing Endpoints  TPWS Total Endpoints  
    -------      -------  ---------------------  -------------------      -------      -------  ---------------------  -------------------     --------     --------  ----------------------  --------------------  
      7.530        0.000                      0                   28        0.184        0.000                      0                   28        4.500        0.000                       0                    24  


All user specified timing constraints are met.


------------------------------------------------------------------------------------------------
| Clock Summary
| -------------
------------------------------------------------------------------------------------------------

Clock        Waveform(ns)       Period(ns)      Frequency(MHz)
-----        ------------       ----------      --------------
sys_clk_pin  {0.000 5.000}      10.000          100.000         


------------------------------------------------------------------------------------------------
| Intra Clock Table
| -----------------
------------------------------------------------------------------------------------------------

Clock             WNS(ns)      TNS(ns)  TNS Failing Endpoints  TNS Total Endpoints      WHS(ns)      THS(ns)  THS Failing Endpoints  THS Total Endpoints     WPWS(ns)     TPWS(ns)  TPWS Failing Endpoints  TPWS Total Endpoints  
-----             -------      -------  ---------------------  -------------------      -------      -------  ---------------------  -------------------     --------     --------  ----------------------  --------------------  
sys_clk_pin         7.530        0.000                      0                   28        0.184        0.000                      0                   28        4.500        0.000                       0                    24  


------------------------------------------------------------------------------------------------
| Inter Clock Table
| -----------------
------------------------------------------------------------------------------------------------

From Clock    To Clock          WNS(ns)      TNS(ns)  TNS Failing Endpoints  TNS Total Endpoints      WHS(ns)      THS(ns)  THS Failing Endpoints  THS Total Endpoints  
----------    --------          -------      -------  ---------------------  -------------------      -------      -------  ---------------------  -------------------  


------------------------------------------------------------------------------------------------
| Other Path Groups Table
| -----------------------
------------------------------------------------------------------------------------------------

Path Group    From Clock    To Clock          WNS(ns)      TNS(ns)  TNS Failing Endpoints  TNS Total Endpoints      WHS(ns)      THS(ns)  THS Failing Endpoints  THS Total Endpoints  
----------    ----------    --------          -------      -------  ---------------------  -------------------      -------      -------  ---------------------  -------------------  


------------------------------------------------------------------------------------------------
| User Ignored Path Table
| -----------------------
------------------------------------------------------------------------------------------------

Path Group    From Clock    To Clock    
----------    ----------    --------    


------------------------------------------------------------------------------------------------
| Unconstrained Path Table
| ------------------------
------------------------------------------------------------------------------------------------

Path Group    From Clock    To Clock    
----------    ----------    --------    
(none)                                    
(none)        sys_clk_pin                 


------------------------------------------------------------------------------------------------
| Timing Details
| --------------
------------------------------------------------------------------------------------------------


---------------------------------------------------------------------------------------------------
From Clock:  sys_clk_pin
  To Clock:  sys_clk_pin

Setup :            0  Failing Endpoints,  Worst Slack        7.530ns,  Total Violation        0.000ns
Hold  :            0  Failing Endpoints,  Worst Slack        0.184ns,  Total Violation        0.000ns
PW    :            0  Failing Endpoints,  Worst Slack        4.500ns,  Total Violation        0.000ns
---------------------------------------------------------------------------------------------------


Max Delay Paths
--------------------------------------------------------------------------------------
Slack (MET) :             7.530ns  (required time - arrival time)
  Source:                 clk_div_cnt_reg[2]/C
                            (rising edge-triggered cell FDRE clocked by sys_clk_pin  {rise@0.000ns fall@5.000ns period=10.000ns})
  Destination:            clk_div_cnt_reg[0]/R
                            (rising edge-triggered cell FDRE clocked by sys_clk_pin  {rise@0.000ns fall@5.000ns period=10.000ns})
  Path Group:             sys_clk_pin
  Path Type:              Setup (Max at Slow Process Corner)
  Requirement:            10.000ns  (sys_clk_pin rise@10.000ns - sys_clk_pin rise@0.000ns)
  Data Path Delay:        2.006ns  (logic 0.718ns (35.795%)  route 1.288ns (64.205%))
  Logic Levels:           1  (LUT5=1)
  Clock Path Skew:        0.000ns (DCD - SCD + CPR)
    Destination Clock Delay (DCD):    4.927ns = ( 14.927 - 10.000 ) 
    Source Clock Delay      (SCD):    5.228ns
    Clock Pessimism Removal (CPR):    0.301ns
  Clock Uncertainty:      0.035ns  ((TSJ^2 + TIJ^2)^1/2 + DJ) / 2 + PE
    Total System Jitter     (TSJ):    0.071ns
    Total Input Jitter      (TIJ):    0.000ns
    Discrete Jitter          (DJ):    0.000ns
    Phase Error              (PE):    0.000ns

    Location             Delay type                Incr(ns)  Path(ns)    Netlist Resource(s)
  -------------------------------------------------------------------    -------------------
                         (clock sys_clk_pin rise edge)
                                                      0.000     0.000 r  
    E3                                                0.000     0.000 r  CLK100MHZ (IN)
                         net (fo=0)                   0.000     0.000    CLK100MHZ
    E3                   IBUF (Prop_ibuf_I_O)         1.482     1.482 r  CLK100MHZ_IBUF_inst/O
                         net (fo=1, routed)           2.025     3.506    CLK100MHZ_IBUF
    BUFGCTRL_X0Y16       BUFG (Prop_bufg_I_O)         0.096     3.602 r  CLK100MHZ_IBUF_BUFG_inst/O
                         net (fo=23, routed)          1.625     5.228    CLK100MHZ_IBUF_BUFG
    SLICE_X53Y96         FDRE                                         r  clk_div_cnt_reg[2]/C
  -------------------------------------------------------------------    -------------------
    SLICE_X53Y96         FDRE (Prop_fdre_C_Q)         0.419     5.647 r  clk_div_cnt_reg[2]/Q
                         net (fo=5, routed)           0.901     6.547    clk_div_cnt[2]
    SLICE_X53Y96         LUT5 (Prop_lut5_I3_O)        0.299     6.846 r  clk_div_cnt[4]_i_1/O
                         net (fo=5, routed)           0.387     7.234    clk_div_cnt[4]_i_1_n_0
    SLICE_X53Y96         FDRE                                         r  clk_div_cnt_reg[0]/R
  -------------------------------------------------------------------    -------------------

                         (clock sys_clk_pin rise edge)
                                                     10.000    10.000 r  
    E3                                                0.000    10.000 r  CLK100MHZ (IN)
                         net (fo=0)                   0.000    10.000    CLK100MHZ
    E3                   IBUF (Prop_ibuf_I_O)         1.411    11.411 r  CLK100MHZ_IBUF_inst/O
                         net (fo=1, routed)           1.920    13.331    CLK100MHZ_IBUF
    BUFGCTRL_X0Y16       BUFG (Prop_bufg_I_O)         0.091    13.422 r  CLK100MHZ_IBUF_BUFG_inst/O
                         net (fo=23, routed)          1.504    14.927    CLK100MHZ_IBUF_BUFG
    SLICE_X53Y96         FDRE                                         r  clk_div_cnt_reg[0]/C
                         clock pessimism              0.301    15.228    
                         clock uncertainty           -0.035    15.192    
    SLICE_X53Y96         FDRE (Setup_fdre_C_R)       -0.429    14.763    clk_div_cnt_reg[0]
  -------------------------------------------------------------------
                         required time                         14.763    
                         arrival time                          -7.234    
  -------------------------------------------------------------------
                         slack                                  7.530    

Slack (MET) :             7.530ns  (required time - arrival time)
  Source:                 clk_div_cnt_reg[2]/C
                            (rising edge-triggered cell FDRE clocked by sys_clk_pin  {rise@0.000ns fall@5.000ns period=10.000ns})
  Destination:            clk_div_cnt_reg[1]/R
                            (rising edge-triggered cell FDRE clocked by sys_clk_pin  {rise@0.000ns fall@5.000ns period=10.000ns})
  Path Group:             sys_clk_pin
  Path Type:              Setup (Max at Slow Process Corner)
  Requirement:            10.000ns  (sys_clk_pin rise@10.000ns - sys_clk_pin rise@0.000ns)
  Data Path Delay:        2.006ns  (logic 0.718ns (35.795%)  route 1.288ns (64.205%))
  Logic Levels:           1  (LUT5=1)
  Clock Path Skew:        0.000ns (DCD - SCD + CPR)
    Destination Clock Delay (DCD):    4.927ns = ( 14.927 - 10.000 ) 
    Source Clock Delay      (SCD):    5.228ns
    Clock Pessimism Removal (CPR):    0.301ns
  Clock Uncertainty:      0.035ns  ((TSJ^2 + TIJ^2)^1/2 + DJ) / 2 + PE
    Total System Jitter     (TSJ):    0.071ns
    Total Input Jitter      (TIJ):    0.000ns
    Discrete Jitter          (DJ):    0.000ns
    Phase Error              (PE):    0.000ns

    Location             Delay type                Incr(ns)  Path(ns)    Netlist Resource(s)
  -------------------------------------------------------------------    -------------------
                         (clock sys_clk_pin rise edge)
                                                      0.000     0.000 r  
    E3                                                0.000     0.000 r  CLK100MHZ (IN)
                         net (fo=0)                   0.000     0.000    CLK100MHZ
    E3                   IBUF (Prop_ibuf_I_O)         1.482     1.482 r  CLK100MHZ_IBUF_inst/O
                         net (fo=1, routed)           2.025     3.506    CLK100MHZ_IBUF
    BUFGCTRL_X0Y16       BUFG (Prop_bufg_I_O)         0.096     3.602 r  CLK100MHZ_IBUF_BUFG_inst/O
                         net (fo=23, routed)          1.625     5.228    CLK100MHZ_IBUF_BUFG
    SLICE_X53Y96         FDRE                                         r  clk_div_cnt_reg[2]/C
  -------------------------------------------------------------------    -------------------
    SLICE_X53Y96         FDRE (Prop_fdre_C_Q)         0.419     5.647 r  clk_div_cnt_reg[2]/Q
                         net (fo=5, routed)           0.901     6.547    clk_div_cnt[2]
    SLICE_X53Y96         LUT5 (Prop_lut5_I3_O)        0.299     6.846 r  clk_div_cnt[4]_i_1/O
                         net (fo=5, routed)           0.387     7.234    clk_div_cnt[4]_i_1_n_0
    SLICE_X53Y96         FDRE                                         r  clk_div_cnt_reg[1]/R
  -------------------------------------------------------------------    -------------------

                         (clock sys_clk_pin rise edge)
                                                     10.000    10.000 r  
    E3                                                0.000    10.000 r  CLK100MHZ (IN)
                         net (fo=0)                   0.000    10.000    CLK100MHZ
    E3                   IBUF (Prop_ibuf_I_O)         1.411    11.411 r  CLK100MHZ_IBUF_inst/O
                         net (fo=1, routed)           1.920    13.331    CLK100MHZ_IBUF
    BUFGCTRL_X0Y16       BUFG (Prop_bufg_I_O)         0.091    13.422 r  CLK100MHZ_IBUF_BUFG_inst/O
                         net (fo=23, routed)          1.504    14.927    CLK100MHZ_IBUF_BUFG
    SLICE_X53Y96         FDRE                                         r  clk_div_cnt_reg[1]/C
                         clock pessimism              0.301    15.228    
                         clock uncertainty           -0.035    15.192    
    SLICE_X53Y96         FDRE (Setup_fdre_C_R)       -0.429    14.763    clk_div_cnt_reg[1]
  -------------------------------------------------------------------
                         required time                         14.763    
                         arrival time                          -7.234    
  -------------------------------------------------------------------
                         slack                                  7.530    

Slack (MET) :             7.530ns  (required time - arrival time)
  Source:                 clk_div_cnt_reg[2]/C
                            (rising edge-triggered cell FDRE clocked by sys_clk_pin  {rise@0.000ns fall@5.000ns period=10.000ns})
  Destination:            clk_div_cnt_reg[2]/R
                            (rising edge-triggered cell FDRE clocked by sys_clk_pin  {rise@0.000ns fall@5.000ns period=10.000ns})
  Path Group:             sys_clk_pin
  Path Type:              Setup (Max at Slow Process Corner)
  Requirement:            10.000ns  (sys_clk_pin rise@10.000ns - sys_clk_pin rise@0.000ns)
  Data Path Delay:        2.006ns  (logic 0.718ns (35.795%)  route 1.288ns (64.205%))
  Logic Levels:           1  (LUT5=1)
  Clock Path Skew:        0.000ns (DCD - SCD + CPR)
    Destination Clock Delay (DCD):    4.927ns = ( 14.927 - 10.000 ) 
    Source Clock Delay      (SCD):    5.228ns
    Clock Pessimism Removal (CPR):    0.301ns
  Clock Uncertainty:      0.035ns  ((TSJ^2 + TIJ^2)^1/2 + DJ) / 2 + PE
    Total System Jitter     (TSJ):    0.071ns
    Total Input Jitter      (TIJ):    0.000ns
    Discrete Jitter          (DJ):    0.000ns
    Phase Error              (PE):    0.000ns

    Location             Delay type                Incr(ns)  Path(ns)    Netlist Resource(s)
  -------------------------------------------------------------------    -------------------
                         (clock sys_clk_pin rise edge)
                                                      0.000     0.000 r  
    E3                                                0.000     0.000 r  CLK100MHZ (IN)
                         net (fo=0)                   0.000     0.000    CLK100MHZ
    E3                   IBUF (Prop_ibuf_I_O)         1.482     1.482 r  CLK100MHZ_IBUF_inst/O
                         net (fo=1, routed)           2.025     3.506    CLK100MHZ_IBUF
    BUFGCTRL_X0Y16       BUFG (Prop_bufg_I_O)         0.096     3.602 r  CLK100MHZ_IBUF_BUFG_inst/O
                         net (fo=23, routed)          1.625     5.228    CLK100MHZ_IBUF_BUFG
    SLICE_X53Y96         FDRE                                         r  clk_div_cnt_reg[2]/C
  -------------------------------------------------------------------    -------------------
    SLICE_X53Y96         FDRE (Prop_fdre_C_Q)         0.419     5.647 r  clk_div_cnt_reg[2]/Q
                         net (fo=5, routed)           0.901     6.547    clk_div_cnt[2]
    SLICE_X53Y96         LUT5 (Prop_lut5_I3_O)        0.299     6.846 r  clk_div_cnt[4]_i_1/O
                         net (fo=5, routed)           0.387     7.234    clk_div_cnt[4]_i_1_n_0
    SLICE_X53Y96         FDRE                                         r  clk_div_cnt_reg[2]/R
  -------------------------------------------------------------------    -------------------

                         (clock sys_clk_pin rise edge)
                                                     10.000    10.000 r  
    E3                                                0.000    10.000 r  CLK100MHZ (IN)
                         net (fo=0)                   0.000    10.000    CLK100MHZ
    E3                   IBUF (Prop_ibuf_I_O)         1.411    11.411 r  CLK100MHZ_IBUF_inst/O
                         net (fo=1, routed)           1.920    13.331    CLK100MHZ_IBUF
    BUFGCTRL_X0Y16       BUFG (Prop_bufg_I_O)         0.091    13.422 r  CLK100MHZ_IBUF_BUFG_inst/O
                         net (fo=23, routed)          1.504    14.927    CLK100MHZ_IBUF_BUFG
    SLICE_X53Y96         FDRE                                         r  clk_div_cnt_reg[2]/C
                         clock pessimism              0.301    15.228    
                         clock uncertainty           -0.035    15.192    
    SLICE_X53Y96         FDRE (Setup_fdre_C_R)       -0.429    14.763    clk_div_cnt_reg[2]
  -------------------------------------------------------------------
                         required time                         14.763    
                         arrival time                          -7.234    
  -------------------------------------------------------------------
                         slack                                  7.530    

Slack (MET) :             7.530ns  (required time - arrival time)
  Source:                 clk_div_cnt_reg[2]/C
                            (rising edge-triggered cell FDRE clocked by sys_clk_pin  {rise@0.000ns fall@5.000ns period=10.000ns})
  Destination:            clk_div_cnt_reg[3]/R
                            (rising edge-triggered cell FDRE clocked by sys_clk_pin  {rise@0.000ns fall@5.000ns period=10.000ns})
  Path Group:             sys_clk_pin
  Path Type:              Setup (Max at Slow Process Corner)
  Requirement:            10.000ns  (sys_clk_pin rise@10.000ns - sys_clk_pin rise@0.000ns)
  Data Path Delay:        2.006ns  (logic 0.718ns (35.795%)  route 1.288ns (64.205%))
  Logic Levels:           1  (LUT5=1)
  Clock Path Skew:        0.000ns (DCD - SCD + CPR)
    Destination Clock Delay (DCD):    4.927ns = ( 14.927 - 10.000 ) 
    Source Clock Delay      (SCD):    5.228ns
    Clock Pessimism Removal (CPR):    0.301ns
  Clock Uncertainty:      0.035ns  ((TSJ^2 + TIJ^2)^1/2 + DJ) / 2 + PE
    Total System Jitter     (TSJ):    0.071ns
    Total Input Jitter      (TIJ):    0.000ns
    Discrete Jitter          (DJ):    0.000ns
    Phase Error              (PE):    0.000ns

    Location             Delay type                Incr(ns)  Path(ns)    Netlist Resource(s)
  -------------------------------------------------------------------    -------------------
                         (clock sys_clk_pin rise edge)
                                                      0.000     0.000 r  
    E3                                                0.000     0.000 r  CLK100MHZ (IN)
                         net (fo=0)                   0.000     0.000    CLK100MHZ
    E3                   IBUF (Prop_ibuf_I_O)         1.482     1.482 r  CLK100MHZ_IBUF_inst/O
                         net (fo=1, routed)           2.025     3.506    CLK100MHZ_IBUF
    BUFGCTRL_X0Y16       BUFG (Prop_bufg_I_O)         0.096     3.602 r  CLK100MHZ_IBUF_BUFG_inst/O
                         net (fo=23, routed)          1.625     5.228    CLK100MHZ_IBUF_BUFG
    SLICE_X53Y96         FDRE                                         r  clk_div_cnt_reg[2]/C
  -------------------------------------------------------------------    -------------------
    SLICE_X53Y96         FDRE (Prop_fdre_C_Q)         0.419     5.647 r  clk_div_cnt_reg[2]/Q
                         net (fo=5, routed)           0.901     6.547    clk_div_cnt[2]
    SLICE_X53Y96         LUT5 (Prop_lut5_I3_O)        0.299     6.846 r  clk_div_cnt[4]_i_1/O
                         net (fo=5, routed)           0.387     7.234    clk_div_cnt[4]_i_1_n_0
    SLICE_X53Y96         FDRE                                         r  clk_div_cnt_reg[3]/R
  -------------------------------------------------------------------    -------------------

                         (clock sys_clk_pin rise edge)
                                                     10.000    10.000 r  
    E3                                                0.000    10.000 r  CLK100MHZ (IN)
                         net (fo=0)                   0.000    10.000    CLK100MHZ
    E3                   IBUF (Prop_ibuf_I_O)         1.411    11.411 r  CLK100MHZ_IBUF_inst/O
                         net (fo=1, routed)           1.920    13.331    CLK100MHZ_IBUF
    BUFGCTRL_X0Y16       BUFG (Prop_bufg_I_O)         0.091    13.422 r  CLK100MHZ_IBUF_BUFG_inst/O
                         net (fo=23, routed)          1.504    14.927    CLK100MHZ_IBUF_BUFG
    SLICE_X53Y96         FDRE                                         r  clk_div_cnt_reg[3]/C
                         clock pessimism              0.301    15.228    
                         clock uncertainty           -0.035    15.192    
    SLICE_X53Y96         FDRE (Setup_fdre_C_R)       -0.429    14.763    clk_div_cnt_reg[3]
  -------------------------------------------------------------------
                         required time                         14.763    
                         arrival time                          -7.234    
  -------------------------------------------------------------------
                         slack                                  7.530    

Slack (MET) :             7.530ns  (required time - arrival time)
  Source:                 clk_div_cnt_reg[2]/C
                            (rising edge-triggered cell FDRE clocked by sys_clk_pin  {rise@0.000ns fall@5.000ns period=10.000ns})
  Destination:            clk_div_cnt_reg[4]/R
                            (rising edge-triggered cell FDRE clocked by sys_clk_pin  {rise@0.000ns fall@5.000ns period=10.000ns})
  Path Group:             sys_clk_pin
  Path Type:              Setup (Max at Slow Process Corner)
  Requirement:            10.000ns  (sys_clk_pin rise@10.000ns - sys_clk_pin rise@0.000ns)
  Data Path Delay:        2.006ns  (logic 0.718ns (35.795%)  route 1.288ns (64.205%))
  Logic Levels:           1  (LUT5=1)
  Clock Path Skew:        0.000ns (DCD - SCD + CPR)
    Destination Clock Delay (DCD):    4.927ns = ( 14.927 - 10.000 ) 
    Source Clock Delay      (SCD):    5.228ns
    Clock Pessimism Removal (CPR):    0.301ns
  Clock Uncertainty:      0.035ns  ((TSJ^2 + TIJ^2)^1/2 + DJ) / 2 + PE
    Total System Jitter     (TSJ):    0.071ns
    Total Input Jitter      (TIJ):    0.000ns
    Discrete Jitter          (DJ):    0.000ns
    Phase Error              (PE):    0.000ns

    Location             Delay type                Incr(ns)  Path(ns)    Netlist Resource(s)
  -------------------------------------------------------------------    -------------------
                         (clock sys_clk_pin rise edge)
                                                      0.000     0.000 r  
    E3                                                0.000     0.000 r  CLK100MHZ (IN)
                         net (fo=0)                   0.000     0.000    CLK100MHZ
    E3                   IBUF (Prop_ibuf_I_O)         1.482     1.482 r  CLK100MHZ_IBUF_inst/O
                         net (fo=1, routed)           2.025     3.506    CLK100MHZ_IBUF
    BUFGCTRL_X0Y16       BUFG (Prop_bufg_I_O)         0.096     3.602 r  CLK100MHZ_IBUF_BUFG_inst/O
                         net (fo=23, routed)          1.625     5.228    CLK100MHZ_IBUF_BUFG
    SLICE_X53Y96         FDRE                                         r  clk_div_cnt_reg[2]/C
  -------------------------------------------------------------------    -------------------
    SLICE_X53Y96         FDRE (Prop_fdre_C_Q)         0.419     5.647 r  clk_div_cnt_reg[2]/Q
                         net (fo=5, routed)           0.901     6.547    clk_div_cnt[2]
    SLICE_X53Y96         LUT5 (Prop_lut5_I3_O)        0.299     6.846 r  clk_div_cnt[4]_i_1/O
                         net (fo=5, routed)           0.387     7.234    clk_div_cnt[4]_i_1_n_0
    SLICE_X53Y96         FDRE                                         r  clk_div_cnt_reg[4]/R
  -------------------------------------------------------------------    -------------------

                         (clock sys_clk_pin rise edge)
                                                     10.000    10.000 r  
    E3                                                0.000    10.000 r  CLK100MHZ (IN)
                         net (fo=0)                   0.000    10.000    CLK100MHZ
    E3                   IBUF (Prop_ibuf_I_O)         1.411    11.411 r  CLK100MHZ_IBUF_inst/O
                         net (fo=1, routed)           1.920    13.331    CLK100MHZ_IBUF
    BUFGCTRL_X0Y16       BUFG (Prop_bufg_I_O)         0.091    13.422 r  CLK100MHZ_IBUF_BUFG_inst/O
                         net (fo=23, routed)          1.504    14.927    CLK100MHZ_IBUF_BUFG
    SLICE_X53Y96         FDRE                                         r  clk_div_cnt_reg[4]/C
                         clock pessimism              0.301    15.228    
                         clock uncertainty           -0.035    15.192    
    SLICE_X53Y96         FDRE (Setup_fdre_C_R)       -0.429    14.763    clk_div_cnt_reg[4]
  -------------------------------------------------------------------
                         required time                         14.763    
                         arrival time                          -7.234    
  -------------------------------------------------------------------
                         slack                                  7.530    

Slack (MET) :             7.760ns  (required time - arrival time)
  Source:                 u_7seg/scan_reg[1]/C
                            (rising edge-triggered cell FDRE clocked by sys_clk_pin  {rise@0.000ns fall@5.000ns period=10.000ns})
  Destination:            u_7seg/scan_reg[16]/D
                            (rising edge-triggered cell FDRE clocked by sys_clk_pin  {rise@0.000ns fall@5.000ns period=10.000ns})
  Path Group:             sys_clk_pin
  Path Type:              Setup (Max at Slow Process Corner)
  Requirement:            10.000ns  (sys_clk_pin rise@10.000ns - sys_clk_pin rise@0.000ns)
  Data Path Delay:        2.286ns  (logic 1.745ns (76.346%)  route 0.541ns (23.654%))
  Logic Levels:           5  (CARRY4=5)
  Clock Path Skew:        -0.028ns (DCD - SCD + CPR)
    Destination Clock Delay (DCD):    5.014ns = ( 15.014 - 10.000 ) 
    Source Clock Delay      (SCD):    5.317ns
    Clock Pessimism Removal (CPR):    0.275ns
  Clock Uncertainty:      0.035ns  ((TSJ^2 + TIJ^2)^1/2 + DJ) / 2 + PE
    Total System Jitter     (TSJ):    0.071ns
    Total Input Jitter      (TIJ):    0.000ns
    Discrete Jitter          (DJ):    0.000ns
    Phase Error              (PE):    0.000ns

    Location             Delay type                Incr(ns)  Path(ns)    Netlist Resource(s)
  -------------------------------------------------------------------    -------------------
                         (clock sys_clk_pin rise edge)
                                                      0.000     0.000 r  
    E3                                                0.000     0.000 r  CLK100MHZ (IN)
                         net (fo=0)                   0.000     0.000    CLK100MHZ
    E3                   IBUF (Prop_ibuf_I_O)         1.482     1.482 r  CLK100MHZ_IBUF_inst/O
                         net (fo=1, routed)           2.025     3.506    CLK100MHZ_IBUF
    BUFGCTRL_X0Y16       BUFG (Prop_bufg_I_O)         0.096     3.602 r  CLK100MHZ_IBUF_BUFG_inst/O
                         net (fo=23, routed)          1.714     5.317    u_7seg/CLK100MHZ_IBUF_BUFG
    SLICE_X2Y68          FDRE                                         r  u_7seg/scan_reg[1]/C
  -------------------------------------------------------------------    -------------------
    SLICE_X2Y68          FDRE (Prop_fdre_C_Q)         0.518     5.835 r  u_7seg/scan_reg[1]/Q
                         net (fo=1, routed)           0.541     6.375    u_7seg/scan_reg_n_0_[1]
    SLICE_X2Y68          CARRY4 (Prop_carry4_S[1]_CO[3])
                                                      0.657     7.032 r  u_7seg/scan_reg[0]_i_1/CO[3]
                         net (fo=1, routed)           0.000     7.032    u_7seg/scan_reg[0]_i_1_n_0
    SLICE_X2Y69          CARRY4 (Prop_carry4_CI_CO[3])
                                                      0.117     7.149 r  u_7seg/scan_reg[4]_i_1/CO[3]
                         net (fo=1, routed)           0.000     7.149    u_7seg/scan_reg[4]_i_1_n_0
    SLICE_X2Y70          CARRY4 (Prop_carry4_CI_CO[3])
                                                      0.117     7.266 r  u_7seg/scan_reg[8]_i_1/CO[3]
                         net (fo=1, routed)           0.000     7.266    u_7seg/scan_reg[8]_i_1_n_0
    SLICE_X2Y71          CARRY4 (Prop_carry4_CI_CO[3])
                                                      0.117     7.383 r  u_7seg/scan_reg[12]_i_1/CO[3]
                         net (fo=1, routed)           0.000     7.383    u_7seg/scan_reg[12]_i_1_n_0
    SLICE_X2Y72          CARRY4 (Prop_carry4_CI_O[0])
                                                      0.219     7.602 r  u_7seg/scan_reg[16]_i_1/O[0]
                         net (fo=1, routed)           0.000     7.602    u_7seg/scan_reg[16]_i_1_n_7
    SLICE_X2Y72          FDRE                                         r  u_7seg/scan_reg[16]/D
  -------------------------------------------------------------------    -------------------

                         (clock sys_clk_pin rise edge)
                                                     10.000    10.000 r  
    E3                                                0.000    10.000 r  CLK100MHZ (IN)
                         net (fo=0)                   0.000    10.000    CLK100MHZ
    E3                   IBUF (Prop_ibuf_I_O)         1.411    11.411 r  CLK100MHZ_IBUF_inst/O
                         net (fo=1, routed)           1.920    13.331    CLK100MHZ_IBUF
    BUFGCTRL_X0Y16       BUFG (Prop_bufg_I_O)         0.091    13.422 r  CLK100MHZ_IBUF_BUFG_inst/O
                         net (fo=23, routed)          1.591    15.014    u_7seg/CLK100MHZ_IBUF_BUFG
    SLICE_X2Y72          FDRE                                         r  u_7seg/scan_reg[16]/C
                         clock pessimism              0.275    15.289    
                         clock uncertainty           -0.035    15.253    
    SLICE_X2Y72          FDRE (Setup_fdre_C_D)        0.109    15.362    u_7seg/scan_reg[16]
  -------------------------------------------------------------------
                         required time                         15.362    
                         arrival time                          -7.602    
  -------------------------------------------------------------------
                         slack                                  7.760    

Slack (MET) :             7.775ns  (required time - arrival time)
  Source:                 u_7seg/scan_reg[1]/C
                            (rising edge-triggered cell FDRE clocked by sys_clk_pin  {rise@0.000ns fall@5.000ns period=10.000ns})
  Destination:            u_7seg/scan_reg[13]/D
                            (rising edge-triggered cell FDRE clocked by sys_clk_pin  {rise@0.000ns fall@5.000ns period=10.000ns})
  Path Group:             sys_clk_pin
  Path Type:              Setup (Max at Slow Process Corner)
  Requirement:            10.000ns  (sys_clk_pin rise@10.000ns - sys_clk_pin rise@0.000ns)
  Data Path Delay:        2.273ns  (logic 1.732ns (76.211%)  route 0.541ns (23.789%))
  Logic Levels:           4  (CARRY4=4)
  Clock Path Skew:        -0.026ns (DCD - SCD + CPR)
    Destination Clock Delay (DCD):    5.016ns = ( 15.016 - 10.000 ) 
    Source Clock Delay      (SCD):    5.317ns
    Clock Pessimism Removal (CPR):    0.275ns
  Clock Uncertainty:      0.035ns  ((TSJ^2 + TIJ^2)^1/2 + DJ) / 2 + PE
    Total System Jitter     (TSJ):    0.071ns
    Total Input Jitter      (TIJ):    0.000ns
    Discrete Jitter          (DJ):    0.000ns
    Phase Error              (PE):    0.000ns

    Location             Delay type                Incr(ns)  Path(ns)    Netlist Resource(s)
  -------------------------------------------------------------------    -------------------
                         (clock sys_clk_pin rise edge)
                                                      0.000     0.000 r  
    E3                                                0.000     0.000 r  CLK100MHZ (IN)
                         net (fo=0)                   0.000     0.000    CLK100MHZ
    E3                   IBUF (Prop_ibuf_I_O)         1.482     1.482 r  CLK100MHZ_IBUF_inst/O
                         net (fo=1, routed)           2.025     3.506    CLK100MHZ_IBUF
    BUFGCTRL_X0Y16       BUFG (Prop_bufg_I_O)         0.096     3.602 r  CLK100MHZ_IBUF_BUFG_inst/O
                         net (fo=23, routed)          1.714     5.317    u_7seg/CLK100MHZ_IBUF_BUFG
    SLICE_X2Y68          FDRE                                         r  u_7seg/scan_reg[1]/C
  -------------------------------------------------------------------    -------------------
    SLICE_X2Y68          FDRE (Prop_fdre_C_Q)         0.518     5.835 r  u_7seg/scan_reg[1]/Q
                         net (fo=1, routed)           0.541     6.375    u_7seg/scan_reg_n_0_[1]
    SLICE_X2Y68          CARRY4 (Prop_carry4_S[1]_CO[3])
                                                      0.657     7.032 r  u_7seg/scan_reg[0]_i_1/CO[3]
                         net (fo=1, routed)           0.000     7.032    u_7seg/scan_reg[0]_i_1_n_0
    SLICE_X2Y69          CARRY4 (Prop_carry4_CI_CO[3])
                                                      0.117     7.149 r  u_7seg/scan_reg[4]_i_1/CO[3]
                         net (fo=1, routed)           0.000     7.149    u_7seg/scan_reg[4]_i_1_n_0
    SLICE_X2Y70          CARRY4 (Prop_carry4_CI_CO[3])
                                                      0.117     7.266 r  u_7seg/scan_reg[8]_i_1/CO[3]
                         net (fo=1, routed)           0.000     7.266    u_7seg/scan_reg[8]_i_1_n_0
    SLICE_X2Y71          CARRY4 (Prop_carry4_CI_O[1])
                                                      0.323     7.589 r  u_7seg/scan_reg[12]_i_1/O[1]
                         net (fo=1, routed)           0.000     7.589    u_7seg/scan_reg[12]_i_1_n_6
    SLICE_X2Y71          FDRE                                         r  u_7seg/scan_reg[13]/D
  -------------------------------------------------------------------    -------------------

                         (clock sys_clk_pin rise edge)
                                                     10.000    10.000 r  
    E3                                                0.000    10.000 r  CLK100MHZ (IN)
                         net (fo=0)                   0.000    10.000    CLK100MHZ
    E3                   IBUF (Prop_ibuf_I_O)         1.411    11.411 r  CLK100MHZ_IBUF_inst/O
                         net (fo=1, routed)           1.920    13.331    CLK100MHZ_IBUF
    BUFGCTRL_X0Y16       BUFG (Prop_bufg_I_O)         0.091    13.422 r  CLK100MHZ_IBUF_BUFG_inst/O
                         net (fo=23, routed)          1.593    15.016    u_7seg/CLK100MHZ_IBUF_BUFG
    SLICE_X2Y71          FDRE                                         r  u_7seg/scan_reg[13]/C
                         clock pessimism              0.275    15.291    
                         clock uncertainty           -0.035    15.255    
    SLICE_X2Y71          FDRE (Setup_fdre_C_D)        0.109    15.364    u_7seg/scan_reg[13]
  -------------------------------------------------------------------
                         required time                         15.364    
                         arrival time                          -7.589    
  -------------------------------------------------------------------
                         slack                                  7.775    

Slack (MET) :             7.783ns  (required time - arrival time)
  Source:                 u_7seg/scan_reg[1]/C
                            (rising edge-triggered cell FDRE clocked by sys_clk_pin  {rise@0.000ns fall@5.000ns period=10.000ns})
  Destination:            u_7seg/scan_reg[15]/D
                            (rising edge-triggered cell FDRE clocked by sys_clk_pin  {rise@0.000ns fall@5.000ns period=10.000ns})
  Path Group:             sys_clk_pin
  Path Type:              Setup (Max at Slow Process Corner)
  Requirement:            10.000ns  (sys_clk_pin rise@10.000ns - sys_clk_pin rise@0.000ns)
  Data Path Delay:        2.265ns  (logic 1.724ns (76.127%)  route 0.541ns (23.873%))
  Logic Levels:           4  (CARRY4=4)
  Clock Path Skew:        -0.026ns (DCD - SCD + CPR)
    Destination Clock Delay (DCD):    5.016ns = ( 15.016 - 10.000 ) 
    Source Clock Delay      (SCD):    5.317ns
    Clock Pessimism Removal (CPR):    0.275ns
  Clock Uncertainty:      0.035ns  ((TSJ^2 + TIJ^2)^1/2 + DJ) / 2 + PE
    Total System Jitter     (TSJ):    0.071ns
    Total Input Jitter      (TIJ):    0.000ns
    Discrete Jitter          (DJ):    0.000ns
    Phase Error              (PE):    0.000ns

    Location             Delay type                Incr(ns)  Path(ns)    Netlist Resource(s)
  -------------------------------------------------------------------    -------------------
                         (clock sys_clk_pin rise edge)
                                                      0.000     0.000 r  
    E3                                                0.000     0.000 r  CLK100MHZ (IN)
                         net (fo=0)                   0.000     0.000    CLK100MHZ
    E3                   IBUF (Prop_ibuf_I_O)         1.482     1.482 r  CLK100MHZ_IBUF_inst/O
                         net (fo=1, routed)           2.025     3.506    CLK100MHZ_IBUF
    BUFGCTRL_X0Y16       BUFG (Prop_bufg_I_O)         0.096     3.602 r  CLK100MHZ_IBUF_BUFG_inst/O
                         net (fo=23, routed)          1.714     5.317    u_7seg/CLK100MHZ_IBUF_BUFG
    SLICE_X2Y68          FDRE                                         r  u_7seg/scan_reg[1]/C
  -------------------------------------------------------------------    -------------------
    SLICE_X2Y68          FDRE (Prop_fdre_C_Q)         0.518     5.835 r  u_7seg/scan_reg[1]/Q
                         net (fo=1, routed)           0.541     6.375    u_7seg/scan_reg_n_0_[1]
    SLICE_X2Y68          CARRY4 (Prop_carry4_S[1]_CO[3])
                                                      0.657     7.032 r  u_7seg/scan_reg[0]_i_1/CO[3]
                         net (fo=1, routed)           0.000     7.032    u_7seg/scan_reg[0]_i_1_n_0
    SLICE_X2Y69          CARRY4 (Prop_carry4_CI_CO[3])
                                                      0.117     7.149 r  u_7seg/scan_reg[4]_i_1/CO[3]
                         net (fo=1, routed)           0.000     7.149    u_7seg/scan_reg[4]_i_1_n_0
    SLICE_X2Y70          CARRY4 (Prop_carry4_CI_CO[3])
                                                      0.117     7.266 r  u_7seg/scan_reg[8]_i_1/CO[3]
                         net (fo=1, routed)           0.000     7.266    u_7seg/scan_reg[8]_i_1_n_0
    SLICE_X2Y71          CARRY4 (Prop_carry4_CI_O[3])
                                                      0.315     7.581 r  u_7seg/scan_reg[12]_i_1/O[3]
                         net (fo=1, routed)           0.000     7.581    u_7seg/scan_reg[12]_i_1_n_4
    SLICE_X2Y71          FDRE                                         r  u_7seg/scan_reg[15]/D
  -------------------------------------------------------------------    -------------------

                         (clock sys_clk_pin rise edge)
                                                     10.000    10.000 r  
    E3                                                0.000    10.000 r  CLK100MHZ (IN)
                         net (fo=0)                   0.000    10.000    CLK100MHZ
    E3                   IBUF (Prop_ibuf_I_O)         1.411    11.411 r  CLK100MHZ_IBUF_inst/O
                         net (fo=1, routed)           1.920    13.331    CLK100MHZ_IBUF
    BUFGCTRL_X0Y16       BUFG (Prop_bufg_I_O)         0.091    13.422 r  CLK100MHZ_IBUF_BUFG_inst/O
                         net (fo=23, routed)          1.593    15.016    u_7seg/CLK100MHZ_IBUF_BUFG
    SLICE_X2Y71          FDRE                                         r  u_7seg/scan_reg[15]/C
                         clock pessimism              0.275    15.291    
                         clock uncertainty           -0.035    15.255    
    SLICE_X2Y71          FDRE (Setup_fdre_C_D)        0.109    15.364    u_7seg/scan_reg[15]
  -------------------------------------------------------------------
                         required time                         15.364    
                         arrival time                          -7.581    
  -------------------------------------------------------------------
                         slack                                  7.783    

Slack (MET) :             7.859ns  (required time - arrival time)
  Source:                 u_7seg/scan_reg[1]/C
                            (rising edge-triggered cell FDRE clocked by sys_clk_pin  {rise@0.000ns fall@5.000ns period=10.000ns})
  Destination:            u_7seg/scan_reg[14]/D
                            (rising edge-triggered cell FDRE clocked by sys_clk_pin  {rise@0.000ns fall@5.000ns period=10.000ns})
  Path Group:             sys_clk_pin
  Path Type:              Setup (Max at Slow Process Corner)
  Requirement:            10.000ns  (sys_clk_pin rise@10.000ns - sys_clk_pin rise@0.000ns)
  Data Path Delay:        2.189ns  (logic 1.648ns (75.298%)  route 0.541ns (24.702%))
  Logic Levels:           4  (CARRY4=4)
  Clock Path Skew:        -0.026ns (DCD - SCD + CPR)
    Destination Clock Delay (DCD):    5.016ns = ( 15.016 - 10.000 ) 
    Source Clock Delay      (SCD):    5.317ns
    Clock Pessimism Removal (CPR):    0.275ns
  Clock Uncertainty:      0.035ns  ((TSJ^2 + TIJ^2)^1/2 + DJ) / 2 + PE
    Total System Jitter     (TSJ):    0.071ns
    Total Input Jitter      (TIJ):    0.000ns
    Discrete Jitter          (DJ):    0.000ns
    Phase Error              (PE):    0.000ns

    Location             Delay type                Incr(ns)  Path(ns)    Netlist Resource(s)
  -------------------------------------------------------------------    -------------------
                         (clock sys_clk_pin rise edge)
                                                      0.000     0.000 r  
    E3                                                0.000     0.000 r  CLK100MHZ (IN)
                         net (fo=0)                   0.000     0.000    CLK100MHZ
    E3                   IBUF (Prop_ibuf_I_O)         1.482     1.482 r  CLK100MHZ_IBUF_inst/O
                         net (fo=1, routed)           2.025     3.506    CLK100MHZ_IBUF
    BUFGCTRL_X0Y16       BUFG (Prop_bufg_I_O)         0.096     3.602 r  CLK100MHZ_IBUF_BUFG_inst/O
                         net (fo=23, routed)          1.714     5.317    u_7seg/CLK100MHZ_IBUF_BUFG
    SLICE_X2Y68          FDRE                                         r  u_7seg/scan_reg[1]/C
  -------------------------------------------------------------------    -------------------
    SLICE_X2Y68          FDRE (Prop_fdre_C_Q)         0.518     5.835 r  u_7seg/scan_reg[1]/Q
                         net (fo=1, routed)           0.541     6.375    u_7seg/scan_reg_n_0_[1]
    SLICE_X2Y68          CARRY4 (Prop_carry4_S[1]_CO[3])
                                                      0.657     7.032 r  u_7seg/scan_reg[0]_i_1/CO[3]
                         net (fo=1, routed)           0.000     7.032    u_7seg/scan_reg[0]_i_1_n_0
    SLICE_X2Y69          CARRY4 (Prop_carry4_CI_CO[3])
                                                      0.117     7.149 r  u_7seg/scan_reg[4]_i_1/CO[3]
                         net (fo=1, routed)           0.000     7.149    u_7seg/scan_reg[4]_i_1_n_0
    SLICE_X2Y70          CARRY4 (Prop_carry4_CI_CO[3])
                                                      0.117     7.266 r  u_7seg/scan_reg[8]_i_1/CO[3]
                         net (fo=1, routed)           0.000     7.266    u_7seg/scan_reg[8]_i_1_n_0
    SLICE_X2Y71          CARRY4 (Prop_carry4_CI_O[2])
                                                      0.239     7.505 r  u_7seg/scan_reg[12]_i_1/O[2]
                         net (fo=1, routed)           0.000     7.505    u_7seg/scan_reg[12]_i_1_n_5
    SLICE_X2Y71          FDRE                                         r  u_7seg/scan_reg[14]/D
  -------------------------------------------------------------------    -------------------

                         (clock sys_clk_pin rise edge)
                                                     10.000    10.000 r  
    E3                                                0.000    10.000 r  CLK100MHZ (IN)
                         net (fo=0)                   0.000    10.000    CLK100MHZ
    E3                   IBUF (Prop_ibuf_I_O)         1.411    11.411 r  CLK100MHZ_IBUF_inst/O
                         net (fo=1, routed)           1.920    13.331    CLK100MHZ_IBUF
    BUFGCTRL_X0Y16       BUFG (Prop_bufg_I_O)         0.091    13.422 r  CLK100MHZ_IBUF_BUFG_inst/O
                         net (fo=23, routed)          1.593    15.016    u_7seg/CLK100MHZ_IBUF_BUFG
    SLICE_X2Y71          FDRE                                         r  u_7seg/scan_reg[14]/C
                         clock pessimism              0.275    15.291    
                         clock uncertainty           -0.035    15.255    
    SLICE_X2Y71          FDRE (Setup_fdre_C_D)        0.109    15.364    u_7seg/scan_reg[14]
  -------------------------------------------------------------------
                         required time                         15.364    
                         arrival time                          -7.505    
  -------------------------------------------------------------------
                         slack                                  7.859    

Slack (MET) :             7.879ns  (required time - arrival time)
  Source:                 u_7seg/scan_reg[1]/C
                            (rising edge-triggered cell FDRE clocked by sys_clk_pin  {rise@0.000ns fall@5.000ns period=10.000ns})
  Destination:            u_7seg/scan_reg[12]/D
                            (rising edge-triggered cell FDRE clocked by sys_clk_pin  {rise@0.000ns fall@5.000ns period=10.000ns})
  Path Group:             sys_clk_pin
  Path Type:              Setup (Max at Slow Process Corner)
  Requirement:            10.000ns  (sys_clk_pin rise@10.000ns - sys_clk_pin rise@0.000ns)
  Data Path Delay:        2.169ns  (logic 1.628ns (75.070%)  route 0.541ns (24.930%))
  Logic Levels:           4  (CARRY4=4)
  Clock Path Skew:        -0.026ns (DCD - SCD + CPR)
    Destination Clock Delay (DCD):    5.016ns = ( 15.016 - 10.000 ) 
    Source Clock Delay      (SCD):    5.317ns
    Clock Pessimism Removal (CPR):    0.275ns
  Clock Uncertainty:      0.035ns  ((TSJ^2 + TIJ^2)^1/2 + DJ) / 2 + PE
    Total System Jitter     (TSJ):    0.071ns
    Total Input Jitter      (TIJ):    0.000ns
    Discrete Jitter          (DJ):    0.000ns
    Phase Error              (PE):    0.000ns

    Location             Delay type                Incr(ns)  Path(ns)    Netlist Resource(s)
  -------------------------------------------------------------------    -------------------
                         (clock sys_clk_pin rise edge)
                                                      0.000     0.000 r  
    E3                                                0.000     0.000 r  CLK100MHZ (IN)
                         net (fo=0)                   0.000     0.000    CLK100MHZ
    E3                   IBUF (Prop_ibuf_I_O)         1.482     1.482 r  CLK100MHZ_IBUF_inst/O
                         net (fo=1, routed)           2.025     3.506    CLK100MHZ_IBUF
    BUFGCTRL_X0Y16       BUFG (Prop_bufg_I_O)         0.096     3.602 r  CLK100MHZ_IBUF_BUFG_inst/O
                         net (fo=23, routed)          1.714     5.317    u_7seg/CLK100MHZ_IBUF_BUFG
    SLICE_X2Y68          FDRE                                         r  u_7seg/scan_reg[1]/C
  -------------------------------------------------------------------    -------------------
    SLICE_X2Y68          FDRE (Prop_fdre_C_Q)         0.518     5.835 r  u_7seg/scan_reg[1]/Q
                         net (fo=1, routed)           0.541     6.375    u_7seg/scan_reg_n_0_[1]
    SLICE_X2Y68          CARRY4 (Prop_carry4_S[1]_CO[3])
                                                      0.657     7.032 r  u_7seg/scan_reg[0]_i_1/CO[3]
                         net (fo=1, routed)           0.000     7.032    u_7seg/scan_reg[0]_i_1_n_0
    SLICE_X2Y69          CARRY4 (Prop_carry4_CI_CO[3])
                                                      0.117     7.149 r  u_7seg/scan_reg[4]_i_1/CO[3]
                         net (fo=1, routed)           0.000     7.149    u_7seg/scan_reg[4]_i_1_n_0
    SLICE_X2Y70          CARRY4 (Prop_carry4_CI_CO[3])
                                                      0.117     7.266 r  u_7seg/scan_reg[8]_i_1/CO[3]
                         net (fo=1, routed)           0.000     7.266    u_7seg/scan_reg[8]_i_1_n_0
    SLICE_X2Y71          CARRY4 (Prop_carry4_CI_O[0])
                                                      0.219     7.485 r  u_7seg/scan_reg[12]_i_1/O[0]
                         net (fo=1, routed)           0.000     7.485    u_7seg/scan_reg[12]_i_1_n_7
    SLICE_X2Y71          FDRE                                         r  u_7seg/scan_reg[12]/D
  -------------------------------------------------------------------    -------------------

                         (clock sys_clk_pin rise edge)
                                                     10.000    10.000 r  
    E3                                                0.000    10.000 r  CLK100MHZ (IN)
                         net (fo=0)                   0.000    10.000    CLK100MHZ
    E3                   IBUF (Prop_ibuf_I_O)         1.411    11.411 r  CLK100MHZ_IBUF_inst/O
                         net (fo=1, routed)           1.920    13.331    CLK100MHZ_IBUF
    BUFGCTRL_X0Y16       BUFG (Prop_bufg_I_O)         0.091    13.422 r  CLK100MHZ_IBUF_BUFG_inst/O
                         net (fo=23, routed)          1.593    15.016    u_7seg/CLK100MHZ_IBUF_BUFG
    SLICE_X2Y71          FDRE                                         r  u_7seg/scan_reg[12]/C
                         clock pessimism              0.275    15.291    
                         clock uncertainty           -0.035    15.255    
    SLICE_X2Y71          FDRE (Setup_fdre_C_D)        0.109    15.364    u_7seg/scan_reg[12]
  -------------------------------------------------------------------
                         required time                         15.364    
                         arrival time                          -7.485    
  -------------------------------------------------------------------
                         slack                                  7.879    





Min Delay Paths
--------------------------------------------------------------------------------------
Slack (MET) :             0.184ns  (arrival time - required time)
  Source:                 clk_div_cnt_reg[0]/C
                            (rising edge-triggered cell FDRE clocked by sys_clk_pin  {rise@0.000ns fall@5.000ns period=10.000ns})
  Destination:            clk_bus_reg/D
                            (rising edge-triggered cell FDRE clocked by sys_clk_pin  {rise@0.000ns fall@5.000ns period=10.000ns})
  Path Group:             sys_clk_pin
  Path Type:              Hold (Min at Fast Process Corner)
  Requirement:            0.000ns  (sys_clk_pin rise@0.000ns - sys_clk_pin rise@0.000ns)
  Data Path Delay:        0.288ns  (logic 0.186ns (64.474%)  route 0.102ns (35.526%))
  Logic Levels:           1  (LUT6=1)
  Clock Path Skew:        0.013ns (DCD - SCD - CPR)
    Destination Clock Delay (DCD):    1.999ns
    Source Clock Delay      (SCD):    1.483ns
    Clock Pessimism Removal (CPR):    0.502ns

    Location             Delay type                Incr(ns)  Path(ns)    Netlist Resource(s)
  -------------------------------------------------------------------    -------------------
                         (clock sys_clk_pin rise edge)
                                                      0.000     0.000 r  
    E3                                                0.000     0.000 r  CLK100MHZ (IN)
                         net (fo=0)                   0.000     0.000    CLK100MHZ
    E3                   IBUF (Prop_ibuf_I_O)         0.250     0.250 r  CLK100MHZ_IBUF_inst/O
                         net (fo=1, routed)           0.644     0.894    CLK100MHZ_IBUF
    BUFGCTRL_X0Y16       BUFG (Prop_bufg_I_O)         0.026     0.920 r  CLK100MHZ_IBUF_BUFG_inst/O
                         net (fo=23, routed)          0.564     1.483    CLK100MHZ_IBUF_BUFG
    SLICE_X53Y96         FDRE                                         r  clk_div_cnt_reg[0]/C
  -------------------------------------------------------------------    -------------------
    SLICE_X53Y96         FDRE (Prop_fdre_C_Q)         0.141     1.624 r  clk_div_cnt_reg[0]/Q
                         net (fo=7, routed)           0.102     1.727    clk_div_cnt[0]
    SLICE_X52Y96         LUT6 (Prop_lut6_I2_O)        0.045     1.772 r  clk_bus_i_1/O
                         net (fo=1, routed)           0.000     1.772    clk_bus_i_1_n_0
    SLICE_X52Y96         FDRE                                         r  clk_bus_reg/D
  -------------------------------------------------------------------    -------------------

                         (clock sys_clk_pin rise edge)
                                                      0.000     0.000 r  
    E3                                                0.000     0.000 r  CLK100MHZ (IN)
                         net (fo=0)                   0.000     0.000    CLK100MHZ
    E3                   IBUF (Prop_ibuf_I_O)         0.438     0.438 r  CLK100MHZ_IBUF_inst/O
                         net (fo=1, routed)           0.699     1.136    CLK100MHZ_IBUF
    BUFGCTRL_X0Y16       BUFG (Prop_bufg_I_O)         0.029     1.165 r  CLK100MHZ_IBUF_BUFG_inst/O
                         net (fo=23, routed)          0.834     1.999    CLK100MHZ_IBUF_BUFG
    SLICE_X52Y96         FDRE                                         r  clk_bus_reg/C
                         clock pessimism             -0.502     1.496    
    SLICE_X52Y96         FDRE (Hold_fdre_C_D)         0.091     1.587    clk_bus_reg
  -------------------------------------------------------------------
                         required time                         -1.587    
                         arrival time                           1.772    
  -------------------------------------------------------------------
                         slack                                  0.184    

Slack (MET) :             0.254ns  (arrival time - required time)
  Source:                 u_7seg/scan_reg[2]/C
                            (rising edge-triggered cell FDRE clocked by sys_clk_pin  {rise@0.000ns fall@5.000ns period=10.000ns})
  Destination:            u_7seg/scan_reg[2]/D
                            (rising edge-triggered cell FDRE clocked by sys_clk_pin  {rise@0.000ns fall@5.000ns period=10.000ns})
  Path Group:             sys_clk_pin
  Path Type:              Hold (Min at Fast Process Corner)
  Requirement:            0.000ns  (sys_clk_pin rise@0.000ns - sys_clk_pin rise@0.000ns)
  Data Path Delay:        0.388ns  (logic 0.274ns (70.550%)  route 0.114ns (29.450%))
  Logic Levels:           1  (CARRY4=1)
  Clock Path Skew:        0.000ns (DCD - SCD - CPR)
    Destination Clock Delay (DCD):    2.033ns
    Source Clock Delay      (SCD):    1.516ns
    Clock Pessimism Removal (CPR):    0.516ns

    Location             Delay type                Incr(ns)  Path(ns)    Netlist Resource(s)
  -------------------------------------------------------------------    -------------------
                         (clock sys_clk_pin rise edge)
                                                      0.000     0.000 r  
    E3                                                0.000     0.000 r  CLK100MHZ (IN)
                         net (fo=0)                   0.000     0.000    CLK100MHZ
    E3                   IBUF (Prop_ibuf_I_O)         0.250     0.250 r  CLK100MHZ_IBUF_inst/O
                         net (fo=1, routed)           0.644     0.894    CLK100MHZ_IBUF
    BUFGCTRL_X0Y16       BUFG (Prop_bufg_I_O)         0.026     0.920 r  CLK100MHZ_IBUF_BUFG_inst/O
                         net (fo=23, routed)          0.597     1.516    u_7seg/CLK100MHZ_IBUF_BUFG
    SLICE_X2Y68          FDRE                                         r  u_7seg/scan_reg[2]/C
  -------------------------------------------------------------------    -------------------
    SLICE_X2Y68          FDRE (Prop_fdre_C_Q)         0.164     1.680 r  u_7seg/scan_reg[2]/Q
                         net (fo=1, routed)           0.114     1.795    u_7seg/scan_reg_n_0_[2]
    SLICE_X2Y68          CARRY4 (Prop_carry4_S[2]_O[2])
                                                      0.110     1.905 r  u_7seg/scan_reg[0]_i_1/O[2]
                         net (fo=1, routed)           0.000     1.905    u_7seg/scan_reg[0]_i_1_n_5
    SLICE_X2Y68          FDRE                                         r  u_7seg/scan_reg[2]/D
  -------------------------------------------------------------------    -------------------

                         (clock sys_clk_pin rise edge)
                                                      0.000     0.000 r  
    E3                                                0.000     0.000 r  CLK100MHZ (IN)
                         net (fo=0)                   0.000     0.000    CLK100MHZ
    E3                   IBUF (Prop_ibuf_I_O)         0.438     0.438 r  CLK100MHZ_IBUF_inst/O
                         net (fo=1, routed)           0.699     1.136    CLK100MHZ_IBUF
    BUFGCTRL_X0Y16       BUFG (Prop_bufg_I_O)         0.029     1.165 r  CLK100MHZ_IBUF_BUFG_inst/O
                         net (fo=23, routed)          0.868     2.033    u_7seg/CLK100MHZ_IBUF_BUFG
    SLICE_X2Y68          FDRE                                         r  u_7seg/scan_reg[2]/C
                         clock pessimism             -0.516     1.516    
    SLICE_X2Y68          FDRE (Hold_fdre_C_D)         0.134     1.650    u_7seg/scan_reg[2]
  -------------------------------------------------------------------
                         required time                         -1.650    
                         arrival time                           1.905    
  -------------------------------------------------------------------
                         slack                                  0.254    

Slack (MET) :             0.258ns  (arrival time - required time)
  Source:                 clk_div_cnt_reg[1]/C
                            (rising edge-triggered cell FDRE clocked by sys_clk_pin  {rise@0.000ns fall@5.000ns period=10.000ns})
  Destination:            clk_div_cnt_reg[4]/D
                            (rising edge-triggered cell FDRE clocked by sys_clk_pin  {rise@0.000ns fall@5.000ns period=10.000ns})
  Path Group:             sys_clk_pin
  Path Type:              Hold (Min at Fast Process Corner)
  Requirement:            0.000ns  (sys_clk_pin rise@0.000ns - sys_clk_pin rise@0.000ns)
  Data Path Delay:        0.365ns  (logic 0.184ns (50.364%)  route 0.181ns (49.636%))
  Logic Levels:           1  (LUT5=1)
  Clock Path Skew:        0.000ns (DCD - SCD - CPR)
    Destination Clock Delay (DCD):    1.999ns
    Source Clock Delay      (SCD):    1.483ns
    Clock Pessimism Removal (CPR):    0.515ns

    Location             Delay type                Incr(ns)  Path(ns)    Netlist Resource(s)
  -------------------------------------------------------------------    -------------------
                         (clock sys_clk_pin rise edge)
                                                      0.000     0.000 r  
    E3                                                0.000     0.000 r  CLK100MHZ (IN)
                         net (fo=0)                   0.000     0.000    CLK100MHZ
    E3                   IBUF (Prop_ibuf_I_O)         0.250     0.250 r  CLK100MHZ_IBUF_inst/O
                         net (fo=1, routed)           0.644     0.894    CLK100MHZ_IBUF
    BUFGCTRL_X0Y16       BUFG (Prop_bufg_I_O)         0.026     0.920 r  CLK100MHZ_IBUF_BUFG_inst/O
                         net (fo=23, routed)          0.564     1.483    CLK100MHZ_IBUF_BUFG
    SLICE_X53Y96         FDRE                                         r  clk_div_cnt_reg[1]/C
  -------------------------------------------------------------------    -------------------
    SLICE_X53Y96         FDRE (Prop_fdre_C_Q)         0.141     1.624 r  clk_div_cnt_reg[1]/Q
                         net (fo=6, routed)           0.181     1.806    clk_div_cnt[1]
    SLICE_X53Y96         LUT5 (Prop_lut5_I2_O)        0.043     1.849 r  clk_div_cnt[4]_i_2/O
                         net (fo=1, routed)           0.000     1.849    p_1_in[4]
    SLICE_X53Y96         FDRE                                         r  clk_div_cnt_reg[4]/D
  -------------------------------------------------------------------    -------------------

                         (clock sys_clk_pin rise edge)
                                                      0.000     0.000 r  
    E3                                                0.000     0.000 r  CLK100MHZ (IN)
                         net (fo=0)                   0.000     0.000    CLK100MHZ
    E3                   IBUF (Prop_ibuf_I_O)         0.438     0.438 r  CLK100MHZ_IBUF_inst/O
                         net (fo=1, routed)           0.699     1.136    CLK100MHZ_IBUF
    BUFGCTRL_X0Y16       BUFG (Prop_bufg_I_O)         0.029     1.165 r  CLK100MHZ_IBUF_BUFG_inst/O
                         net (fo=23, routed)          0.834     1.999    CLK100MHZ_IBUF_BUFG
    SLICE_X53Y96         FDRE                                         r  clk_div_cnt_reg[4]/C
                         clock pessimism             -0.515     1.483    
    SLICE_X53Y96         FDRE (Hold_fdre_C_D)         0.107     1.590    clk_div_cnt_reg[4]
  -------------------------------------------------------------------
                         required time                         -1.590    
                         arrival time                           1.849    
  -------------------------------------------------------------------
                         slack                                  0.258    

Slack (MET) :             0.275ns  (arrival time - required time)
  Source:                 clk_div_cnt_reg[1]/C
                            (rising edge-triggered cell FDRE clocked by sys_clk_pin  {rise@0.000ns fall@5.000ns period=10.000ns})
  Destination:            clk_div_cnt_reg[3]/D
                            (rising edge-triggered cell FDRE clocked by sys_clk_pin  {rise@0.000ns fall@5.000ns period=10.000ns})
  Path Group:             sys_clk_pin
  Path Type:              Hold (Min at Fast Process Corner)
  Requirement:            0.000ns  (sys_clk_pin rise@0.000ns - sys_clk_pin rise@0.000ns)
  Data Path Delay:        0.367ns  (logic 0.186ns (50.634%)  route 0.181ns (49.366%))
  Logic Levels:           1  (LUT4=1)
  Clock Path Skew:        0.000ns (DCD - SCD - CPR)
    Destination Clock Delay (DCD):    1.999ns
    Source Clock Delay      (SCD):    1.483ns
    Clock Pessimism Removal (CPR):    0.515ns

    Location             Delay type                Incr(ns)  Path(ns)    Netlist Resource(s)
  -------------------------------------------------------------------    -------------------
                         (clock sys_clk_pin rise edge)
                                                      0.000     0.000 r  
    E3                                                0.000     0.000 r  CLK100MHZ (IN)
                         net (fo=0)                   0.000     0.000    CLK100MHZ
    E3                   IBUF (Prop_ibuf_I_O)         0.250     0.250 r  CLK100MHZ_IBUF_inst/O
                         net (fo=1, routed)           0.644     0.894    CLK100MHZ_IBUF
    BUFGCTRL_X0Y16       BUFG (Prop_bufg_I_O)         0.026     0.920 r  CLK100MHZ_IBUF_BUFG_inst/O
                         net (fo=23, routed)          0.564     1.483    CLK100MHZ_IBUF_BUFG
    SLICE_X53Y96         FDRE                                         r  clk_div_cnt_reg[1]/C
  -------------------------------------------------------------------    -------------------
    SLICE_X53Y96         FDRE (Prop_fdre_C_Q)         0.141     1.624 r  clk_div_cnt_reg[1]/Q
                         net (fo=6, routed)           0.181     1.806    clk_div_cnt[1]
    SLICE_X53Y96         LUT4 (Prop_lut4_I0_O)        0.045     1.851 r  clk_div_cnt[3]_i_1/O
                         net (fo=1, routed)           0.000     1.851    p_1_in[3]
    SLICE_X53Y96         FDRE                                         r  clk_div_cnt_reg[3]/D
  -------------------------------------------------------------------    -------------------

                         (clock sys_clk_pin rise edge)
                                                      0.000     0.000 r  
    E3                                                0.000     0.000 r  CLK100MHZ (IN)
                         net (fo=0)                   0.000     0.000    CLK100MHZ
    E3                   IBUF (Prop_ibuf_I_O)         0.438     0.438 r  CLK100MHZ_IBUF_inst/O
                         net (fo=1, routed)           0.699     1.136    CLK100MHZ_IBUF
    BUFGCTRL_X0Y16       BUFG (Prop_bufg_I_O)         0.029     1.165 r  CLK100MHZ_IBUF_BUFG_inst/O
                         net (fo=23, routed)          0.834     1.999    CLK100MHZ_IBUF_BUFG
    SLICE_X53Y96         FDRE                                         r  clk_div_cnt_reg[3]/C
                         clock pessimism             -0.515     1.483    
    SLICE_X53Y96         FDRE (Hold_fdre_C_D)         0.092     1.575    clk_div_cnt_reg[3]
  -------------------------------------------------------------------
                         required time                         -1.575    
                         arrival time                           1.851    
  -------------------------------------------------------------------
                         slack                                  0.275    

Slack (MET) :             0.290ns  (arrival time - required time)
  Source:                 u_7seg/scan_reg[2]/C
                            (rising edge-triggered cell FDRE clocked by sys_clk_pin  {rise@0.000ns fall@5.000ns period=10.000ns})
  Destination:            u_7seg/scan_reg[3]/D
                            (rising edge-triggered cell FDRE clocked by sys_clk_pin  {rise@0.000ns fall@5.000ns period=10.000ns})
  Path Group:             sys_clk_pin
  Path Type:              Hold (Min at Fast Process Corner)
  Requirement:            0.000ns  (sys_clk_pin rise@0.000ns - sys_clk_pin rise@0.000ns)
  Data Path Delay:        0.424ns  (logic 0.310ns (73.048%)  route 0.114ns (26.952%))
  Logic Levels:           1  (CARRY4=1)
  Clock Path Skew:        0.000ns (DCD - SCD - CPR)
    Destination Clock Delay (DCD):    2.033ns
    Source Clock Delay      (SCD):    1.516ns
    Clock Pessimism Removal (CPR):    0.516ns

    Location             Delay type                Incr(ns)  Path(ns)    Netlist Resource(s)
  -------------------------------------------------------------------    -------------------
                         (clock sys_clk_pin rise edge)
                                                      0.000     0.000 r  
    E3                                                0.000     0.000 r  CLK100MHZ (IN)
                         net (fo=0)                   0.000     0.000    CLK100MHZ
    E3                   IBUF (Prop_ibuf_I_O)         0.250     0.250 r  CLK100MHZ_IBUF_inst/O
                         net (fo=1, routed)           0.644     0.894    CLK100MHZ_IBUF
    BUFGCTRL_X0Y16       BUFG (Prop_bufg_I_O)         0.026     0.920 r  CLK100MHZ_IBUF_BUFG_inst/O
                         net (fo=23, routed)          0.597     1.516    u_7seg/CLK100MHZ_IBUF_BUFG
    SLICE_X2Y68          FDRE                                         r  u_7seg/scan_reg[2]/C
  -------------------------------------------------------------------    -------------------
    SLICE_X2Y68          FDRE (Prop_fdre_C_Q)         0.164     1.680 r  u_7seg/scan_reg[2]/Q
                         net (fo=1, routed)           0.114     1.795    u_7seg/scan_reg_n_0_[2]
    SLICE_X2Y68          CARRY4 (Prop_carry4_S[2]_O[3])
                                                      0.146     1.941 r  u_7seg/scan_reg[0]_i_1/O[3]
                         net (fo=1, routed)           0.000     1.941    u_7seg/scan_reg[0]_i_1_n_4
    SLICE_X2Y68          FDRE                                         r  u_7seg/scan_reg[3]/D
  -------------------------------------------------------------------    -------------------

                         (clock sys_clk_pin rise edge)
                                                      0.000     0.000 r  
    E3                                                0.000     0.000 r  CLK100MHZ (IN)
                         net (fo=0)                   0.000     0.000    CLK100MHZ
    E3                   IBUF (Prop_ibuf_I_O)         0.438     0.438 r  CLK100MHZ_IBUF_inst/O
                         net (fo=1, routed)           0.699     1.136    CLK100MHZ_IBUF
    BUFGCTRL_X0Y16       BUFG (Prop_bufg_I_O)         0.029     1.165 r  CLK100MHZ_IBUF_BUFG_inst/O
                         net (fo=23, routed)          0.868     2.033    u_7seg/CLK100MHZ_IBUF_BUFG
    SLICE_X2Y68          FDRE                                         r  u_7seg/scan_reg[3]/C
                         clock pessimism             -0.516     1.516    
    SLICE_X2Y68          FDRE (Hold_fdre_C_D)         0.134     1.650    u_7seg/scan_reg[3]
  -------------------------------------------------------------------
                         required time                         -1.650    
                         arrival time                           1.941    
  -------------------------------------------------------------------
                         slack                                  0.290    

Slack (MET) :             0.308ns  (arrival time - required time)
  Source:                 u_7seg/scan_reg[0]/C
                            (rising edge-triggered cell FDRE clocked by sys_clk_pin  {rise@0.000ns fall@5.000ns period=10.000ns})
  Destination:            u_7seg/scan_reg[0]/D
                            (rising edge-triggered cell FDRE clocked by sys_clk_pin  {rise@0.000ns fall@5.000ns period=10.000ns})
  Path Group:             sys_clk_pin
  Path Type:              Hold (Min at Fast Process Corner)
  Requirement:            0.000ns  (sys_clk_pin rise@0.000ns - sys_clk_pin rise@0.000ns)
  Data Path Delay:        0.442ns  (logic 0.279ns (63.107%)  route 0.163ns (36.893%))
  Logic Levels:           2  (CARRY4=1 LUT1=1)
  Clock Path Skew:        0.000ns (DCD - SCD - CPR)
    Destination Clock Delay (DCD):    2.033ns
    Source Clock Delay      (SCD):    1.516ns
    Clock Pessimism Removal (CPR):    0.516ns

    Location             Delay type                Incr(ns)  Path(ns)    Netlist Resource(s)
  -------------------------------------------------------------------    -------------------
                         (clock sys_clk_pin rise edge)
                                                      0.000     0.000 r  
    E3                                                0.000     0.000 r  CLK100MHZ (IN)
                         net (fo=0)                   0.000     0.000    CLK100MHZ
    E3                   IBUF (Prop_ibuf_I_O)         0.250     0.250 r  CLK100MHZ_IBUF_inst/O
                         net (fo=1, routed)           0.644     0.894    CLK100MHZ_IBUF
    BUFGCTRL_X0Y16       BUFG (Prop_bufg_I_O)         0.026     0.920 r  CLK100MHZ_IBUF_BUFG_inst/O
                         net (fo=23, routed)          0.597     1.516    u_7seg/CLK100MHZ_IBUF_BUFG
    SLICE_X2Y68          FDRE                                         r  u_7seg/scan_reg[0]/C
  -------------------------------------------------------------------    -------------------
    SLICE_X2Y68          FDRE (Prop_fdre_C_Q)         0.164     1.680 f  u_7seg/scan_reg[0]/Q
                         net (fo=1, routed)           0.163     1.843    u_7seg/scan_reg_n_0_[0]
    SLICE_X2Y68          LUT1 (Prop_lut1_I0_O)        0.045     1.888 r  u_7seg/scan[0]_i_2/O
                         net (fo=1, routed)           0.000     1.888    u_7seg/scan[0]_i_2_n_0
    SLICE_X2Y68          CARRY4 (Prop_carry4_S[0]_O[0])
                                                      0.070     1.958 r  u_7seg/scan_reg[0]_i_1/O[0]
                         net (fo=1, routed)           0.000     1.958    u_7seg/scan_reg[0]_i_1_n_7
    SLICE_X2Y68          FDRE                                         r  u_7seg/scan_reg[0]/D
  -------------------------------------------------------------------    -------------------

                         (clock sys_clk_pin rise edge)
                                                      0.000     0.000 r  
    E3                                                0.000     0.000 r  CLK100MHZ (IN)
                         net (fo=0)                   0.000     0.000    CLK100MHZ
    E3                   IBUF (Prop_ibuf_I_O)         0.438     0.438 r  CLK100MHZ_IBUF_inst/O
                         net (fo=1, routed)           0.699     1.136    CLK100MHZ_IBUF
    BUFGCTRL_X0Y16       BUFG (Prop_bufg_I_O)         0.029     1.165 r  CLK100MHZ_IBUF_BUFG_inst/O
                         net (fo=23, routed)          0.868     2.033    u_7seg/CLK100MHZ_IBUF_BUFG
    SLICE_X2Y68          FDRE                                         r  u_7seg/scan_reg[0]/C
                         clock pessimism             -0.516     1.516    
    SLICE_X2Y68          FDRE (Hold_fdre_C_D)         0.134     1.650    u_7seg/scan_reg[0]
  -------------------------------------------------------------------
                         required time                         -1.650    
                         arrival time                           1.958    
  -------------------------------------------------------------------
                         slack                                  0.308    

Slack (MET) :             0.315ns  (arrival time - required time)
  Source:                 u_7seg/scan_reg[12]/C
                            (rising edge-triggered cell FDRE clocked by sys_clk_pin  {rise@0.000ns fall@5.000ns period=10.000ns})
  Destination:            u_7seg/scan_reg[12]/D
                            (rising edge-triggered cell FDRE clocked by sys_clk_pin  {rise@0.000ns fall@5.000ns period=10.000ns})
  Path Group:             sys_clk_pin
  Path Type:              Hold (Min at Fast Process Corner)
  Requirement:            0.000ns  (sys_clk_pin rise@0.000ns - sys_clk_pin rise@0.000ns)
  Data Path Delay:        0.449ns  (logic 0.279ns (62.071%)  route 0.170ns (37.929%))
  Logic Levels:           1  (CARRY4=1)
  Clock Path Skew:        0.000ns (DCD - SCD - CPR)
    Destination Clock Delay (DCD):    2.030ns
    Source Clock Delay      (SCD):    1.513ns
    Clock Pessimism Removal (CPR):    0.516ns

    Location             Delay type                Incr(ns)  Path(ns)    Netlist Resource(s)
  -------------------------------------------------------------------    -------------------
                         (clock sys_clk_pin rise edge)
                                                      0.000     0.000 r  
    E3                                                0.000     0.000 r  CLK100MHZ (IN)
                         net (fo=0)                   0.000     0.000    CLK100MHZ
    E3                   IBUF (Prop_ibuf_I_O)         0.250     0.250 r  CLK100MHZ_IBUF_inst/O
                         net (fo=1, routed)           0.644     0.894    CLK100MHZ_IBUF
    BUFGCTRL_X0Y16       BUFG (Prop_bufg_I_O)         0.026     0.920 r  CLK100MHZ_IBUF_BUFG_inst/O
                         net (fo=23, routed)          0.594     1.513    u_7seg/CLK100MHZ_IBUF_BUFG
    SLICE_X2Y71          FDRE                                         r  u_7seg/scan_reg[12]/C
  -------------------------------------------------------------------    -------------------
    SLICE_X2Y71          FDRE (Prop_fdre_C_Q)         0.164     1.677 r  u_7seg/scan_reg[12]/Q
                         net (fo=1, routed)           0.170     1.848    u_7seg/scan_reg_n_0_[12]
    SLICE_X2Y71          CARRY4 (Prop_carry4_S[0]_O[0])
                                                      0.115     1.963 r  u_7seg/scan_reg[12]_i_1/O[0]
                         net (fo=1, routed)           0.000     1.963    u_7seg/scan_reg[12]_i_1_n_7
    SLICE_X2Y71          FDRE                                         r  u_7seg/scan_reg[12]/D
  -------------------------------------------------------------------    -------------------

                         (clock sys_clk_pin rise edge)
                                                      0.000     0.000 r  
    E3                                                0.000     0.000 r  CLK100MHZ (IN)
                         net (fo=0)                   0.000     0.000    CLK100MHZ
    E3                   IBUF (Prop_ibuf_I_O)         0.438     0.438 r  CLK100MHZ_IBUF_inst/O
                         net (fo=1, routed)           0.699     1.136    CLK100MHZ_IBUF
    BUFGCTRL_X0Y16       BUFG (Prop_bufg_I_O)         0.029     1.165 r  CLK100MHZ_IBUF_BUFG_inst/O
                         net (fo=23, routed)          0.865     2.030    u_7seg/CLK100MHZ_IBUF_BUFG
    SLICE_X2Y71          FDRE                                         r  u_7seg/scan_reg[12]/C
                         clock pessimism             -0.516     1.513    
    SLICE_X2Y71          FDRE (Hold_fdre_C_D)         0.134     1.647    u_7seg/scan_reg[12]
  -------------------------------------------------------------------
                         required time                         -1.647    
                         arrival time                           1.963    
  -------------------------------------------------------------------
                         slack                                  0.315    

Slack (MET) :             0.316ns  (arrival time - required time)
  Source:                 u_7seg/scan_reg[5]/C
                            (rising edge-triggered cell FDRE clocked by sys_clk_pin  {rise@0.000ns fall@5.000ns period=10.000ns})
  Destination:            u_7seg/scan_reg[5]/D
                            (rising edge-triggered cell FDRE clocked by sys_clk_pin  {rise@0.000ns fall@5.000ns period=10.000ns})
  Path Group:             sys_clk_pin
  Path Type:              Hold (Min at Fast Process Corner)
  Requirement:            0.000ns  (sys_clk_pin rise@0.000ns - sys_clk_pin rise@0.000ns)
  Data Path Delay:        0.450ns  (logic 0.275ns (61.159%)  route 0.175ns (38.841%))
  Logic Levels:           1  (CARRY4=1)
  Clock Path Skew:        0.000ns (DCD - SCD - CPR)
    Destination Clock Delay (DCD):    2.032ns
    Source Clock Delay      (SCD):    1.515ns
    Clock Pessimism Removal (CPR):    0.516ns

    Location             Delay type                Incr(ns)  Path(ns)    Netlist Resource(s)
  -------------------------------------------------------------------    -------------------
                         (clock sys_clk_pin rise edge)
                                                      0.000     0.000 r  
    E3                                                0.000     0.000 r  CLK100MHZ (IN)
                         net (fo=0)                   0.000     0.000    CLK100MHZ
    E3                   IBUF (Prop_ibuf_I_O)         0.250     0.250 r  CLK100MHZ_IBUF_inst/O
                         net (fo=1, routed)           0.644     0.894    CLK100MHZ_IBUF
    BUFGCTRL_X0Y16       BUFG (Prop_bufg_I_O)         0.026     0.920 r  CLK100MHZ_IBUF_BUFG_inst/O
                         net (fo=23, routed)          0.596     1.515    u_7seg/CLK100MHZ_IBUF_BUFG
    SLICE_X2Y69          FDRE                                         r  u_7seg/scan_reg[5]/C
  -------------------------------------------------------------------    -------------------
    SLICE_X2Y69          FDRE (Prop_fdre_C_Q)         0.164     1.679 r  u_7seg/scan_reg[5]/Q
                         net (fo=1, routed)           0.175     1.854    u_7seg/scan_reg_n_0_[5]
    SLICE_X2Y69          CARRY4 (Prop_carry4_S[1]_O[1])
                                                      0.111     1.965 r  u_7seg/scan_reg[4]_i_1/O[1]
                         net (fo=1, routed)           0.000     1.965    u_7seg/scan_reg[4]_i_1_n_6
    SLICE_X2Y69          FDRE                                         r  u_7seg/scan_reg[5]/D
  -------------------------------------------------------------------    -------------------

                         (clock sys_clk_pin rise edge)
                                                      0.000     0.000 r  
    E3                                                0.000     0.000 r  CLK100MHZ (IN)
                         net (fo=0)                   0.000     0.000    CLK100MHZ
    E3                   IBUF (Prop_ibuf_I_O)         0.438     0.438 r  CLK100MHZ_IBUF_inst/O
                         net (fo=1, routed)           0.699     1.136    CLK100MHZ_IBUF
    BUFGCTRL_X0Y16       BUFG (Prop_bufg_I_O)         0.029     1.165 r  CLK100MHZ_IBUF_BUFG_inst/O
                         net (fo=23, routed)          0.867     2.032    u_7seg/CLK100MHZ_IBUF_BUFG
    SLICE_X2Y69          FDRE                                         r  u_7seg/scan_reg[5]/C
                         clock pessimism             -0.516     1.515    
    SLICE_X2Y69          FDRE (Hold_fdre_C_D)         0.134     1.649    u_7seg/scan_reg[5]
  -------------------------------------------------------------------
                         required time                         -1.649    
                         arrival time                           1.965    
  -------------------------------------------------------------------
                         slack                                  0.316    

Slack (MET) :             0.316ns  (arrival time - required time)
  Source:                 u_7seg/scan_reg[9]/C
                            (rising edge-triggered cell FDRE clocked by sys_clk_pin  {rise@0.000ns fall@5.000ns period=10.000ns})
  Destination:            u_7seg/scan_reg[9]/D
                            (rising edge-triggered cell FDRE clocked by sys_clk_pin  {rise@0.000ns fall@5.000ns period=10.000ns})
  Path Group:             sys_clk_pin
  Path Type:              Hold (Min at Fast Process Corner)
  Requirement:            0.000ns  (sys_clk_pin rise@0.000ns - sys_clk_pin rise@0.000ns)
  Data Path Delay:        0.450ns  (logic 0.275ns (61.159%)  route 0.175ns (38.841%))
  Logic Levels:           1  (CARRY4=1)
  Clock Path Skew:        0.000ns (DCD - SCD - CPR)
    Destination Clock Delay (DCD):    2.031ns
    Source Clock Delay      (SCD):    1.514ns
    Clock Pessimism Removal (CPR):    0.516ns

    Location             Delay type                Incr(ns)  Path(ns)    Netlist Resource(s)
  -------------------------------------------------------------------    -------------------
                         (clock sys_clk_pin rise edge)
                                                      0.000     0.000 r  
    E3                                                0.000     0.000 r  CLK100MHZ (IN)
                         net (fo=0)                   0.000     0.000    CLK100MHZ
    E3                   IBUF (Prop_ibuf_I_O)         0.250     0.250 r  CLK100MHZ_IBUF_inst/O
                         net (fo=1, routed)           0.644     0.894    CLK100MHZ_IBUF
    BUFGCTRL_X0Y16       BUFG (Prop_bufg_I_O)         0.026     0.920 r  CLK100MHZ_IBUF_BUFG_inst/O
                         net (fo=23, routed)          0.595     1.514    u_7seg/CLK100MHZ_IBUF_BUFG
    SLICE_X2Y70          FDRE                                         r  u_7seg/scan_reg[9]/C
  -------------------------------------------------------------------    -------------------
    SLICE_X2Y70          FDRE (Prop_fdre_C_Q)         0.164     1.678 r  u_7seg/scan_reg[9]/Q
                         net (fo=1, routed)           0.175     1.853    u_7seg/scan_reg_n_0_[9]
    SLICE_X2Y70          CARRY4 (Prop_carry4_S[1]_O[1])
                                                      0.111     1.964 r  u_7seg/scan_reg[8]_i_1/O[1]
                         net (fo=1, routed)           0.000     1.964    u_7seg/scan_reg[8]_i_1_n_6
    SLICE_X2Y70          FDRE                                         r  u_7seg/scan_reg[9]/D
  -------------------------------------------------------------------    -------------------

                         (clock sys_clk_pin rise edge)
                                                      0.000     0.000 r  
    E3                                                0.000     0.000 r  CLK100MHZ (IN)
                         net (fo=0)                   0.000     0.000    CLK100MHZ
    E3                   IBUF (Prop_ibuf_I_O)         0.438     0.438 r  CLK100MHZ_IBUF_inst/O
                         net (fo=1, routed)           0.699     1.136    CLK100MHZ_IBUF
    BUFGCTRL_X0Y16       BUFG (Prop_bufg_I_O)         0.029     1.165 r  CLK100MHZ_IBUF_BUFG_inst/O
                         net (fo=23, routed)          0.866     2.031    u_7seg/CLK100MHZ_IBUF_BUFG
    SLICE_X2Y70          FDRE                                         r  u_7seg/scan_reg[9]/C
                         clock pessimism             -0.516     1.514    
    SLICE_X2Y70          FDRE (Hold_fdre_C_D)         0.134     1.648    u_7seg/scan_reg[9]
  -------------------------------------------------------------------
                         required time                         -1.648    
                         arrival time                           1.964    
  -------------------------------------------------------------------
                         slack                                  0.316    

Slack (MET) :             0.316ns  (arrival time - required time)
  Source:                 u_7seg/scan_reg[1]/C
                            (rising edge-triggered cell FDRE clocked by sys_clk_pin  {rise@0.000ns fall@5.000ns period=10.000ns})
  Destination:            u_7seg/scan_reg[1]/D
                            (rising edge-triggered cell FDRE clocked by sys_clk_pin  {rise@0.000ns fall@5.000ns period=10.000ns})
  Path Group:             sys_clk_pin
  Path Type:              Hold (Min at Fast Process Corner)
  Requirement:            0.000ns  (sys_clk_pin rise@0.000ns - sys_clk_pin rise@0.000ns)
  Data Path Delay:        0.450ns  (logic 0.275ns (61.159%)  route 0.175ns (38.841%))
  Logic Levels:           1  (CARRY4=1)
  Clock Path Skew:        0.000ns (DCD - SCD - CPR)
    Destination Clock Delay (DCD):    2.033ns
    Source Clock Delay      (SCD):    1.516ns
    Clock Pessimism Removal (CPR):    0.516ns

    Location             Delay type                Incr(ns)  Path(ns)    Netlist Resource(s)
  -------------------------------------------------------------------    -------------------
                         (clock sys_clk_pin rise edge)
                                                      0.000     0.000 r  
    E3                                                0.000     0.000 r  CLK100MHZ (IN)
                         net (fo=0)                   0.000     0.000    CLK100MHZ
    E3                   IBUF (Prop_ibuf_I_O)         0.250     0.250 r  CLK100MHZ_IBUF_inst/O
                         net (fo=1, routed)           0.644     0.894    CLK100MHZ_IBUF
    BUFGCTRL_X0Y16       BUFG (Prop_bufg_I_O)         0.026     0.920 r  CLK100MHZ_IBUF_BUFG_inst/O
                         net (fo=23, routed)          0.597     1.516    u_7seg/CLK100MHZ_IBUF_BUFG
    SLICE_X2Y68          FDRE                                         r  u_7seg/scan_reg[1]/C
  -------------------------------------------------------------------    -------------------
    SLICE_X2Y68          FDRE (Prop_fdre_C_Q)         0.164     1.680 r  u_7seg/scan_reg[1]/Q
                         net (fo=1, routed)           0.175     1.855    u_7seg/scan_reg_n_0_[1]
    SLICE_X2Y68          CARRY4 (Prop_carry4_S[1]_O[1])
                                                      0.111     1.966 r  u_7seg/scan_reg[0]_i_1/O[1]
                         net (fo=1, routed)           0.000     1.966    u_7seg/scan_reg[0]_i_1_n_6
    SLICE_X2Y68          FDRE                                         r  u_7seg/scan_reg[1]/D
  -------------------------------------------------------------------    -------------------

                         (clock sys_clk_pin rise edge)
                                                      0.000     0.000 r  
    E3                                                0.000     0.000 r  CLK100MHZ (IN)
                         net (fo=0)                   0.000     0.000    CLK100MHZ
    E3                   IBUF (Prop_ibuf_I_O)         0.438     0.438 r  CLK100MHZ_IBUF_inst/O
                         net (fo=1, routed)           0.699     1.136    CLK100MHZ_IBUF
    BUFGCTRL_X0Y16       BUFG (Prop_bufg_I_O)         0.029     1.165 r  CLK100MHZ_IBUF_BUFG_inst/O
                         net (fo=23, routed)          0.868     2.033    u_7seg/CLK100MHZ_IBUF_BUFG
    SLICE_X2Y68          FDRE                                         r  u_7seg/scan_reg[1]/C
                         clock pessimism             -0.516     1.516    
    SLICE_X2Y68          FDRE (Hold_fdre_C_D)         0.134     1.650    u_7seg/scan_reg[1]
  -------------------------------------------------------------------
                         required time                         -1.650    
                         arrival time                           1.966    
  -------------------------------------------------------------------
                         slack                                  0.316    





Pulse Width Checks
--------------------------------------------------------------------------------------
Clock Name:         sys_clk_pin
Waveform(ns):       { 0.000 5.000 }
Period(ns):         10.000
Sources:            { CLK100MHZ }

Check Type        Corner  Lib Pin  Reference Pin  Required(ns)  Actual(ns)  Slack(ns)  Location        Pin
Min Period        n/a     BUFG/I   n/a            2.155         10.000      7.845      BUFGCTRL_X0Y16  CLK100MHZ_IBUF_BUFG_inst/I
Min Period        n/a     FDRE/C   n/a            1.000         10.000      9.000      SLICE_X52Y96    clk_bus_reg/C
Min Period        n/a     FDRE/C   n/a            1.000         10.000      9.000      SLICE_X53Y96    clk_div_cnt_reg[0]/C
Min Period        n/a     FDRE/C   n/a            1.000         10.000      9.000      SLICE_X53Y96    clk_div_cnt_reg[1]/C
Min Period        n/a     FDRE/C   n/a            1.000         10.000      9.000      SLICE_X53Y96    clk_div_cnt_reg[2]/C
Min Period        n/a     FDRE/C   n/a            1.000         10.000      9.000      SLICE_X53Y96    clk_div_cnt_reg[3]/C
Min Period        n/a     FDRE/C   n/a            1.000         10.000      9.000      SLICE_X53Y96    clk_div_cnt_reg[4]/C
Min Period        n/a     FDRE/C   n/a            1.000         10.000      9.000      SLICE_X2Y68     u_7seg/scan_reg[0]/C
Min Period        n/a     FDRE/C   n/a            1.000         10.000      9.000      SLICE_X2Y70     u_7seg/scan_reg[10]/C
Min Period        n/a     FDRE/C   n/a            1.000         10.000      9.000      SLICE_X2Y70     u_7seg/scan_reg[11]/C
Low Pulse Width   Slow    FDRE/C   n/a            0.500         5.000       4.500      SLICE_X52Y96    clk_bus_reg/C
Low Pulse Width   Fast    FDRE/C   n/a            0.500         5.000       4.500      SLICE_X52Y96    clk_bus_reg/C
Low Pulse Width   Slow    FDRE/C   n/a            0.500         5.000       4.500      SLICE_X53Y96    clk_div_cnt_reg[0]/C
Low Pulse Width   Fast    FDRE/C   n/a            0.500         5.000       4.500      SLICE_X53Y96    clk_div_cnt_reg[0]/C
Low Pulse Width   Slow    FDRE/C   n/a            0.500         5.000       4.500      SLICE_X53Y96    clk_div_cnt_reg[1]/C
Low Pulse Width   Fast    FDRE/C   n/a            0.500         5.000       4.500      SLICE_X53Y96    clk_div_cnt_reg[1]/C
Low Pulse Width   Slow    FDRE/C   n/a            0.500         5.000       4.500      SLICE_X53Y96    clk_div_cnt_reg[2]/C
Low Pulse Width   Fast    FDRE/C   n/a            0.500         5.000       4.500      SLICE_X53Y96    clk_div_cnt_reg[2]/C
Low Pulse Width   Slow    FDRE/C   n/a            0.500         5.000       4.500      SLICE_X53Y96    clk_div_cnt_reg[3]/C
Low Pulse Width   Fast    FDRE/C   n/a            0.500         5.000       4.500      SLICE_X53Y96    clk_div_cnt_reg[3]/C
High Pulse Width  Slow    FDRE/C   n/a            0.500         5.000       4.500      SLICE_X52Y96    clk_bus_reg/C
High Pulse Width  Fast    FDRE/C   n/a            0.500         5.000       4.500      SLICE_X52Y96    clk_bus_reg/C
High Pulse Width  Slow    FDRE/C   n/a            0.500         5.000       4.500      SLICE_X53Y96    clk_div_cnt_reg[0]/C
High Pulse Width  Fast    FDRE/C   n/a            0.500         5.000       4.500      SLICE_X53Y96    clk_div_cnt_reg[0]/C
High Pulse Width  Slow    FDRE/C   n/a            0.500         5.000       4.500      SLICE_X53Y96    clk_div_cnt_reg[1]/C
High Pulse Width  Fast    FDRE/C   n/a            0.500         5.000       4.500      SLICE_X53Y96    clk_div_cnt_reg[1]/C
High Pulse Width  Slow    FDRE/C   n/a            0.500         5.000       4.500      SLICE_X53Y96    clk_div_cnt_reg[2]/C
High Pulse Width  Fast    FDRE/C   n/a            0.500         5.000       4.500      SLICE_X53Y96    clk_div_cnt_reg[2]/C
High Pulse Width  Slow    FDRE/C   n/a            0.500         5.000       4.500      SLICE_X53Y96    clk_div_cnt_reg[3]/C
High Pulse Width  Fast    FDRE/C   n/a            0.500         5.000       4.500      SLICE_X53Y96    clk_div_cnt_reg[3]/C



--------------------------------------------------------------------------------------
Path Group:  (none)
From Clock:  
  To Clock:  

Max Delay           726 Endpoints
Min Delay           726 Endpoints
--------------------------------------------------------------------------------------


Max Delay Paths
--------------------------------------------------------------------------------------
Slack:                    inf
  Source:                 viewed_addr_reg[4]/C
                            (rising edge-triggered cell FDRE)
  Destination:            CD
                            (output port)
  Path Group:             (none)
  Path Type:              Max at Slow Process Corner
  Data Path Delay:        10.340ns  (logic 4.612ns (44.604%)  route 5.728ns (55.396%))
  Logic Levels:           5  (FDRE=1 LUT5=1 LUT6=2 OBUF=1)

    Location             Delay type                Incr(ns)  Path(ns)    Netlist Resource(s)
  -------------------------------------------------------------------    -------------------
    SLICE_X4Y68          FDRE                         0.000     0.000 r  viewed_addr_reg[4]/C
    SLICE_X4Y68          FDRE (Prop_fdre_C_Q)         0.456     0.456 r  viewed_addr_reg[4]/Q
                         net (fo=1, routed)           0.698     1.154    u_7seg/CA_OBUF_inst_i_4_0[4]
    SLICE_X4Y68          LUT6 (Prop_lut6_I3_O)        0.124     1.278 r  u_7seg/CA_OBUF_inst_i_10/O
                         net (fo=1, routed)           0.871     2.149    u_7seg/CA_OBUF_inst_i_10_n_0
    SLICE_X9Y68          LUT6 (Prop_lut6_I0_O)        0.124     2.273 r  u_7seg/CA_OBUF_inst_i_6/O
                         net (fo=7, routed)           0.850     3.123    u_7seg/nibble__28[0]
    SLICE_X1Y68          LUT5 (Prop_lut5_I4_O)        0.150     3.273 r  u_7seg/CD_OBUF_inst_i_1/O
                         net (fo=1, routed)           3.309     6.582    CD_OBUF
    K13                  OBUF (Prop_obuf_I_O)         3.758    10.340 r  CD_OBUF_inst/O
                         net (fo=0)                   0.000    10.340    CD
    K13                                                               r  CD (OUT)
  -------------------------------------------------------------------    -------------------

Slack:                    inf
  Source:                 viewed_addr_reg[4]/C
                            (rising edge-triggered cell FDRE)
  Destination:            CA
                            (output port)
  Path Group:             (none)
  Path Type:              Max at Slow Process Corner
  Data Path Delay:        9.560ns  (logic 4.635ns (48.481%)  route 4.925ns (51.519%))
  Logic Levels:           5  (FDRE=1 LUT5=1 LUT6=2 OBUF=1)

    Location             Delay type                Incr(ns)  Path(ns)    Netlist Resource(s)
  -------------------------------------------------------------------    -------------------
    SLICE_X4Y68          FDRE                         0.000     0.000 r  viewed_addr_reg[4]/C
    SLICE_X4Y68          FDRE (Prop_fdre_C_Q)         0.456     0.456 r  viewed_addr_reg[4]/Q
                         net (fo=1, routed)           0.698     1.154    u_7seg/CA_OBUF_inst_i_4_0[4]
    SLICE_X4Y68          LUT6 (Prop_lut6_I3_O)        0.124     1.278 r  u_7seg/CA_OBUF_inst_i_10/O
                         net (fo=1, routed)           0.871     2.149    u_7seg/CA_OBUF_inst_i_10_n_0
    SLICE_X9Y68          LUT6 (Prop_lut6_I0_O)        0.124     2.273 r  u_7seg/CA_OBUF_inst_i_6/O
                         net (fo=7, routed)           1.075     3.348    u_7seg/nibble__28[0]
    SLICE_X1Y68          LUT5 (Prop_lut5_I4_O)        0.152     3.500 r  u_7seg/CA_OBUF_inst_i_1/O
                         net (fo=1, routed)           2.282     5.781    CA_OBUF
    T10                  OBUF (Prop_obuf_I_O)         3.779     9.560 r  CA_OBUF_inst/O
                         net (fo=0)                   0.000     9.560    CA
    T10                                                               r  CA (OUT)
  -------------------------------------------------------------------    -------------------

Slack:                    inf
  Source:                 viewed_addr_reg[4]/C
                            (rising edge-triggered cell FDRE)
  Destination:            CC
                            (output port)
  Path Group:             (none)
  Path Type:              Max at Slow Process Corner
  Data Path Delay:        9.409ns  (logic 4.321ns (45.926%)  route 5.088ns (54.074%))
  Logic Levels:           5  (FDRE=1 LUT5=1 LUT6=2 OBUF=1)

    Location             Delay type                Incr(ns)  Path(ns)    Netlist Resource(s)
  -------------------------------------------------------------------    -------------------
    SLICE_X4Y68          FDRE                         0.000     0.000 r  viewed_addr_reg[4]/C
    SLICE_X4Y68          FDRE (Prop_fdre_C_Q)         0.456     0.456 f  viewed_addr_reg[4]/Q
                         net (fo=1, routed)           0.698     1.154    u_7seg/CA_OBUF_inst_i_4_0[4]
    SLICE_X4Y68          LUT6 (Prop_lut6_I3_O)        0.124     1.278 f  u_7seg/CA_OBUF_inst_i_10/O
                         net (fo=1, routed)           0.871     2.149    u_7seg/CA_OBUF_inst_i_10_n_0
    SLICE_X9Y68          LUT6 (Prop_lut6_I0_O)        0.124     2.273 f  u_7seg/CA_OBUF_inst_i_6/O
                         net (fo=7, routed)           0.850     3.123    u_7seg/nibble__28[0]
    SLICE_X1Y68          LUT5 (Prop_lut5_I1_O)        0.124     3.247 r  u_7seg/CC_OBUF_inst_i_1/O
                         net (fo=1, routed)           2.669     5.916    CC_OBUF
    K16                  OBUF (Prop_obuf_I_O)         3.493     9.409 r  CC_OBUF_inst/O
                         net (fo=0)                   0.000     9.409    CC
    K16                                                               r  CC (OUT)
  -------------------------------------------------------------------    -------------------

Slack:                    inf
  Source:                 viewed_addr_reg[4]/C
                            (rising edge-triggered cell FDRE)
  Destination:            CB
                            (output port)
  Path Group:             (none)
  Path Type:              Max at Slow Process Corner
  Data Path Delay:        9.292ns  (logic 4.383ns (47.173%)  route 4.909ns (52.827%))
  Logic Levels:           5  (FDRE=1 LUT5=1 LUT6=2 OBUF=1)

    Location             Delay type                Incr(ns)  Path(ns)    Netlist Resource(s)
  -------------------------------------------------------------------    -------------------
    SLICE_X4Y68          FDRE                         0.000     0.000 r  viewed_addr_reg[4]/C
    SLICE_X4Y68          FDRE (Prop_fdre_C_Q)         0.456     0.456 r  viewed_addr_reg[4]/Q
                         net (fo=1, routed)           0.698     1.154    u_7seg/CA_OBUF_inst_i_4_0[4]
    SLICE_X4Y68          LUT6 (Prop_lut6_I3_O)        0.124     1.278 r  u_7seg/CA_OBUF_inst_i_10/O
                         net (fo=1, routed)           0.871     2.149    u_7seg/CA_OBUF_inst_i_10_n_0
    SLICE_X9Y68          LUT6 (Prop_lut6_I0_O)        0.124     2.273 r  u_7seg/CA_OBUF_inst_i_6/O
                         net (fo=7, routed)           1.075     3.348    u_7seg/nibble__28[0]
    SLICE_X1Y68          LUT5 (Prop_lut5_I4_O)        0.124     3.472 r  u_7seg/CB_OBUF_inst_i_1/O
                         net (fo=1, routed)           2.265     5.737    CB_OBUF
    R10                  OBUF (Prop_obuf_I_O)         3.555     9.292 r  CB_OBUF_inst/O
                         net (fo=0)                   0.000     9.292    CB
    R10                                                               r  CB (OUT)
  -------------------------------------------------------------------    -------------------

Slack:                    inf
  Source:                 viewed_addr_reg[4]/C
                            (rising edge-triggered cell FDRE)
  Destination:            CF
                            (output port)
  Path Group:             (none)
  Path Type:              Max at Slow Process Corner
  Data Path Delay:        9.004ns  (logic 4.622ns (51.331%)  route 4.382ns (48.669%))
  Logic Levels:           5  (FDRE=1 LUT5=1 LUT6=2 OBUF=1)

    Location             Delay type                Incr(ns)  Path(ns)    Netlist Resource(s)
  -------------------------------------------------------------------    -------------------
    SLICE_X4Y68          FDRE                         0.000     0.000 r  viewed_addr_reg[4]/C
    SLICE_X4Y68          FDRE (Prop_fdre_C_Q)         0.456     0.456 r  viewed_addr_reg[4]/Q
                         net (fo=1, routed)           0.698     1.154    u_7seg/CA_OBUF_inst_i_4_0[4]
    SLICE_X4Y68          LUT6 (Prop_lut6_I3_O)        0.124     1.278 r  u_7seg/CA_OBUF_inst_i_10/O
                         net (fo=1, routed)           0.871     2.149    u_7seg/CA_OBUF_inst_i_10_n_0
    SLICE_X9Y68          LUT6 (Prop_lut6_I0_O)        0.124     2.273 r  u_7seg/CA_OBUF_inst_i_6/O
                         net (fo=7, routed)           1.075     3.348    u_7seg/nibble__28[0]
    SLICE_X1Y68          LUT5 (Prop_lut5_I3_O)        0.154     3.502 r  u_7seg/CF_OBUF_inst_i_1/O
                         net (fo=1, routed)           1.738     5.240    CF_OBUF
    T11                  OBUF (Prop_obuf_I_O)         3.764     9.004 r  CF_OBUF_inst/O
                         net (fo=0)                   0.000     9.004    CF
    T11                                                               r  CF (OUT)
  -------------------------------------------------------------------    -------------------

Slack:                    inf
  Source:                 viewed_addr_reg[10]/C
                            (rising edge-triggered cell FDRE)
  Destination:            CG
                            (output port)
  Path Group:             (none)
  Path Type:              Max at Slow Process Corner
  Data Path Delay:        9.000ns  (logic 4.365ns (48.505%)  route 4.634ns (51.495%))
  Logic Levels:           5  (FDRE=1 LUT5=1 LUT6=2 OBUF=1)

    Location             Delay type                Incr(ns)  Path(ns)    Netlist Resource(s)
  -------------------------------------------------------------------    -------------------
    SLICE_X5Y66          FDRE                         0.000     0.000 r  viewed_addr_reg[10]/C
    SLICE_X5Y66          FDRE (Prop_fdre_C_Q)         0.456     0.456 r  viewed_addr_reg[10]/Q
                         net (fo=3, routed)           0.821     1.277    u_7seg/CA_OBUF_inst_i_4_0[10]
    SLICE_X4Y68          LUT6 (Prop_lut6_I5_O)        0.124     1.401 r  u_7seg/CA_OBUF_inst_i_9/O
                         net (fo=1, routed)           0.488     1.889    u_7seg/CA_OBUF_inst_i_9_n_0
    SLICE_X4Y68          LUT6 (Prop_lut6_I0_O)        0.124     2.013 r  u_7seg/CA_OBUF_inst_i_5/O
                         net (fo=7, routed)           0.839     2.852    u_7seg/nibble__28[2]
    SLICE_X1Y68          LUT5 (Prop_lut5_I3_O)        0.124     2.976 r  u_7seg/CG_OBUF_inst_i_1/O
                         net (fo=1, routed)           2.487     5.462    CG_OBUF
    L18                  OBUF (Prop_obuf_I_O)         3.537     9.000 r  CG_OBUF_inst/O
                         net (fo=0)                   0.000     9.000    CG
    L18                                                               r  CG (OUT)
  -------------------------------------------------------------------    -------------------

Slack:                    inf
  Source:                 viewed_addr_reg[4]/C
                            (rising edge-triggered cell FDRE)
  Destination:            CE
                            (output port)
  Path Group:             (none)
  Path Type:              Max at Slow Process Corner
  Data Path Delay:        8.867ns  (logic 4.362ns (49.188%)  route 4.505ns (50.812%))
  Logic Levels:           5  (FDRE=1 LUT5=1 LUT6=2 OBUF=1)

    Location             Delay type                Incr(ns)  Path(ns)    Netlist Resource(s)
  -------------------------------------------------------------------    -------------------
    SLICE_X4Y68          FDRE                         0.000     0.000 r  viewed_addr_reg[4]/C
    SLICE_X4Y68          FDRE (Prop_fdre_C_Q)         0.456     0.456 r  viewed_addr_reg[4]/Q
                         net (fo=1, routed)           0.698     1.154    u_7seg/CA_OBUF_inst_i_4_0[4]
    SLICE_X4Y68          LUT6 (Prop_lut6_I3_O)        0.124     1.278 r  u_7seg/CA_OBUF_inst_i_10/O
                         net (fo=1, routed)           0.871     2.149    u_7seg/CA_OBUF_inst_i_10_n_0
    SLICE_X9Y68          LUT6 (Prop_lut6_I0_O)        0.124     2.273 r  u_7seg/CA_OBUF_inst_i_6/O
                         net (fo=7, routed)           1.075     3.348    u_7seg/nibble__28[0]
    SLICE_X1Y68          LUT5 (Prop_lut5_I3_O)        0.124     3.472 r  u_7seg/CE_OBUF_inst_i_1/O
                         net (fo=1, routed)           1.862     5.333    CE_OBUF
    P15                  OBUF (Prop_obuf_I_O)         3.534     8.867 r  CE_OBUF_inst/O
                         net (fo=0)                   0.000     8.867    CE
    P15                                                               r  CE (OUT)
  -------------------------------------------------------------------    -------------------

Slack:                    inf
  Source:                 u_slave/ram_mem_reg/CLKARDCLK
                            (rising edge-triggered cell RAMB18E1)
  Destination:            u_slave/flash_state_reg[1]/D
  Path Group:             (none)
  Path Type:              Max at Slow Process Corner
  Data Path Delay:        8.465ns  (logic 3.074ns (36.312%)  route 5.391ns (63.688%))
  Logic Levels:           6  (LUT2=1 LUT4=2 LUT5=1 LUT6=1 RAMB18E1=1)

    Location             Delay type                Incr(ns)  Path(ns)    Netlist Resource(s)
  -------------------------------------------------------------------    -------------------
    RAMB18_X0Y22         RAMB18E1                     0.000     0.000 r  u_slave/ram_mem_reg/CLKARDCLK
    RAMB18_X0Y22         RAMB18E1 (Prop_ramb18e1_CLKARDCLK_DOADO[3])
                                                      2.454     2.454 f  u_slave/ram_mem_reg/DOADO[3]
                         net (fo=1, routed)           1.135     3.589    u_slave/ram_rdata[3]
    SLICE_X7Y62          LUT4 (Prop_lut4_I3_O)        0.124     3.713 f  u_slave/ram_mem_reg_i_14/O
                         net (fo=1, routed)           1.059     4.772    u_slave/rdata[3]
    SLICE_X11Y63         LUT4 (Prop_lut4_I2_O)        0.124     4.896 f  u_slave/ram_mem_reg_i_5/O
                         net (fo=12, routed)          1.374     6.270    u_slave/ad_bus[3]
    SLICE_X9Y59          LUT2 (Prop_lut2_I1_O)        0.124     6.394 r  u_slave/flash_state[1]_i_5/O
                         net (fo=1, routed)           0.804     7.198    u_slave/flash_state[1]_i_5_n_0
    SLICE_X9Y58          LUT6 (Prop_lut6_I5_O)        0.124     7.322 r  u_slave/flash_state[1]_i_3/O
                         net (fo=1, routed)           1.020     8.341    u_slave/flash_state[1]_i_3_n_0
    SLICE_X10Y58         LUT5 (Prop_lut5_I2_O)        0.124     8.465 r  u_slave/flash_state[1]_i_1/O
                         net (fo=1, routed)           0.000     8.465    u_slave/flash_state[1]_i_1_n_0
    SLICE_X10Y58         FDCE                                         r  u_slave/flash_state_reg[1]/D
  -------------------------------------------------------------------    -------------------

Slack:                    inf
  Source:                 u_slave/ram_mem_reg/CLKARDCLK
                            (rising edge-triggered cell RAMB18E1)
  Destination:            u_slave/flash_state_reg[0]/D
  Path Group:             (none)
  Path Type:              Max at Slow Process Corner
  Data Path Delay:        8.265ns  (logic 3.074ns (37.195%)  route 5.191ns (62.805%))
  Logic Levels:           6  (LUT4=3 LUT6=2 RAMB18E1=1)

    Location             Delay type                Incr(ns)  Path(ns)    Netlist Resource(s)
  -------------------------------------------------------------------    -------------------
    RAMB18_X0Y22         RAMB18E1                     0.000     0.000 r  u_slave/ram_mem_reg/CLKARDCLK
    RAMB18_X0Y22         RAMB18E1 (Prop_ramb18e1_CLKARDCLK_DOADO[5])
                                                      2.454     2.454 r  u_slave/ram_mem_reg/DOADO[5]
                         net (fo=1, routed)           1.360     3.814    u_slave/ram_rdata[5]
    SLICE_X8Y62          LUT4 (Prop_lut4_I3_O)        0.124     3.938 r  u_slave/ram_mem_reg_i_12/O
                         net (fo=1, routed)           0.799     4.737    u_slave/rdata[5]
    SLICE_X10Y62         LUT4 (Prop_lut4_I2_O)        0.124     4.861 r  u_slave/ram_mem_reg_i_3/O
                         net (fo=8, routed)           1.397     6.258    u_slave/ad_bus[5]
    SLICE_X8Y58          LUT4 (Prop_lut4_I3_O)        0.124     6.382 r  u_slave/rom_erase_start_i_2/O
                         net (fo=5, routed)           0.625     7.008    u_slave/rom_erase_start_i_2_n_0
    SLICE_X11Y58         LUT6 (Prop_lut6_I5_O)        0.124     7.132 r  u_slave/flash_state[0]_i_4/O
                         net (fo=1, routed)           1.009     8.141    u_slave/flash_state[0]_i_4_n_0
    SLICE_X11Y59         LUT6 (Prop_lut6_I4_O)        0.124     8.265 r  u_slave/flash_state[0]_i_1/O
                         net (fo=1, routed)           0.000     8.265    u_slave/flash_state[0]_i_1_n_0
    SLICE_X11Y59         FDCE                                         r  u_slave/flash_state_reg[0]/D
  -------------------------------------------------------------------    -------------------

Slack:                    inf
  Source:                 u_slave/ram_mem_reg/CLKARDCLK
                            (rising edge-triggered cell RAMB18E1)
  Destination:            u_slave/flash_state_reg[2]/D
  Path Group:             (none)
  Path Type:              Max at Slow Process Corner
  Data Path Delay:        8.009ns  (logic 3.302ns (41.231%)  route 4.707ns (58.769%))
  Logic Levels:           6  (LUT4=2 LUT5=1 LUT6=2 RAMB18E1=1)

    Location             Delay type                Incr(ns)  Path(ns)    Netlist Resource(s)
  -------------------------------------------------------------------    -------------------
    RAMB18_X0Y22         RAMB18E1                     0.000     0.000 r  u_slave/ram_mem_reg/CLKARDCLK
    RAMB18_X0Y22         RAMB18E1 (Prop_ramb18e1_CLKARDCLK_DOADO[3])
                                                      2.454     2.454 r  u_slave/ram_mem_reg/DOADO[3]
                         net (fo=1, routed)           1.135     3.589    u_slave/ram_rdata[3]
    SLICE_X7Y62          LUT4 (Prop_lut4_I3_O)        0.124     3.713 r  u_slave/ram_mem_reg_i_14/O
                         net (fo=1, routed)           1.059     4.772    u_slave/rdata[3]
    SLICE_X11Y63         LUT4 (Prop_lut4_I2_O)        0.124     4.896 r  u_slave/ram_mem_reg_i_5/O
                         net (fo=12, routed)          1.353     6.249    u_slave/ad_bus[3]
    SLICE_X11Y58         LUT5 (Prop_lut5_I0_O)        0.150     6.399 r  u_slave/flash_state[2]_i_15/O
                         net (fo=1, routed)           0.479     6.878    u_slave/flash_state[2]_i_15_n_0
    SLICE_X10Y58         LUT6 (Prop_lut6_I4_O)        0.326     7.204 r  u_slave/flash_state[2]_i_6/O
                         net (fo=2, routed)           0.681     7.885    u_slave/flash_state
    SLICE_X10Y58         LUT6 (Prop_lut6_I4_O)        0.124     8.009 r  u_slave/flash_state[2]_i_1/O
                         net (fo=1, routed)           0.000     8.009    u_slave/flash_state[2]_i_1_n_0
    SLICE_X10Y58         FDCE                                         r  u_slave/flash_state_reg[2]/D
  -------------------------------------------------------------------    -------------------





Min Delay Paths
--------------------------------------------------------------------------------------
Slack:                    inf
  Source:                 sw_q1_reg[7]/C
                            (rising edge-triggered cell FDRE)
  Destination:            sw_q2_reg[7]/D
  Path Group:             (none)
  Path Type:              Min at Fast Process Corner
  Data Path Delay:        0.197ns  (logic 0.141ns (71.611%)  route 0.056ns (28.389%))
  Logic Levels:           1  (FDRE=1)

    Location             Delay type                Incr(ns)  Path(ns)    Netlist Resource(s)
  -------------------------------------------------------------------    -------------------
    SLICE_X3Y71          FDRE                         0.000     0.000 r  sw_q1_reg[7]/C
    SLICE_X3Y71          FDRE (Prop_fdre_C_Q)         0.141     0.141 r  sw_q1_reg[7]/Q
                         net (fo=1, routed)           0.056     0.197    sw_q1[7]
    SLICE_X3Y71          FDRE                                         r  sw_q2_reg[7]/D
  -------------------------------------------------------------------    -------------------

Slack:                    inf
  Source:                 txn_addr_reg[11]/C
                            (rising edge-triggered cell FDRE)
  Destination:            u_txn/lat_addr_reg[11]/D
  Path Group:             (none)
  Path Type:              Min at Fast Process Corner
  Data Path Delay:        0.249ns  (logic 0.141ns (56.587%)  route 0.108ns (43.413%))
  Logic Levels:           1  (FDRE=1)

    Location             Delay type                Incr(ns)  Path(ns)    Netlist Resource(s)
  -------------------------------------------------------------------    -------------------
    SLICE_X9Y66          FDRE                         0.000     0.000 r  txn_addr_reg[11]/C
    SLICE_X9Y66          FDRE (Prop_fdre_C_Q)         0.141     0.141 r  txn_addr_reg[11]/Q
                         net (fo=1, routed)           0.108     0.249    u_txn/lat_addr_reg[11]_0[11]
    SLICE_X8Y65          FDCE                                         r  u_txn/lat_addr_reg[11]/D
  -------------------------------------------------------------------    -------------------

Slack:                    inf
  Source:                 txn_addr_reg[1]/C
                            (rising edge-triggered cell FDRE)
  Destination:            u_txn/lat_addr_reg[1]/D
  Path Group:             (none)
  Path Type:              Min at Fast Process Corner
  Data Path Delay:        0.250ns  (logic 0.141ns (56.344%)  route 0.109ns (43.656%))
  Logic Levels:           1  (FDRE=1)

    Location             Delay type                Incr(ns)  Path(ns)    Netlist Resource(s)
  -------------------------------------------------------------------    -------------------
    SLICE_X9Y66          FDRE                         0.000     0.000 r  txn_addr_reg[1]/C
    SLICE_X9Y66          FDRE (Prop_fdre_C_Q)         0.141     0.141 r  txn_addr_reg[1]/Q
                         net (fo=1, routed)           0.109     0.250    u_txn/lat_addr_reg[11]_0[1]
    SLICE_X11Y65         FDCE                                         r  u_txn/lat_addr_reg[1]/D
  -------------------------------------------------------------------    -------------------

Slack:                    inf
  Source:                 sw_q1_reg[6]/C
                            (rising edge-triggered cell FDRE)
  Destination:            sw_q2_reg[6]/D
  Path Group:             (none)
  Path Type:              Min at Fast Process Corner
  Data Path Delay:        0.251ns  (logic 0.141ns (56.174%)  route 0.110ns (43.826%))
  Logic Levels:           1  (FDRE=1)

    Location             Delay type                Incr(ns)  Path(ns)    Netlist Resource(s)
  -------------------------------------------------------------------    -------------------
    SLICE_X3Y65          FDRE                         0.000     0.000 r  sw_q1_reg[6]/C
    SLICE_X3Y65          FDRE (Prop_fdre_C_Q)         0.141     0.141 r  sw_q1_reg[6]/Q
                         net (fo=1, routed)           0.110     0.251    sw_q1[6]
    SLICE_X3Y65          FDRE                                         r  sw_q2_reg[6]/D
  -------------------------------------------------------------------    -------------------

Slack:                    inf
  Source:                 txn_addr_reg[0]/C
                            (rising edge-triggered cell FDRE)
  Destination:            u_txn/lat_addr_reg[0]/D
  Path Group:             (none)
  Path Type:              Min at Fast Process Corner
  Data Path Delay:        0.253ns  (logic 0.141ns (55.693%)  route 0.112ns (44.307%))
  Logic Levels:           1  (FDRE=1)

    Location             Delay type                Incr(ns)  Path(ns)    Netlist Resource(s)
  -------------------------------------------------------------------    -------------------
    SLICE_X9Y66          FDRE                         0.000     0.000 r  txn_addr_reg[0]/C
    SLICE_X9Y66          FDRE (Prop_fdre_C_Q)         0.141     0.141 r  txn_addr_reg[0]/Q
                         net (fo=1, routed)           0.112     0.253    u_txn/lat_addr_reg[11]_0[0]
    SLICE_X8Y65          FDCE                                         r  u_txn/lat_addr_reg[0]/D
  -------------------------------------------------------------------    -------------------

Slack:                    inf
  Source:                 txn_wdata_reg[2]/C
                            (rising edge-triggered cell FDRE)
  Destination:            u_txn/lat_wdata_reg[2]/D
  Path Group:             (none)
  Path Type:              Min at Fast Process Corner
  Data Path Delay:        0.262ns  (logic 0.148ns (56.487%)  route 0.114ns (43.513%))
  Logic Levels:           1  (FDRE=1)

    Location             Delay type                Incr(ns)  Path(ns)    Netlist Resource(s)
  -------------------------------------------------------------------    -------------------
    SLICE_X10Y66         FDRE                         0.000     0.000 r  txn_wdata_reg[2]/C
    SLICE_X10Y66         FDRE (Prop_fdre_C_Q)         0.148     0.148 r  txn_wdata_reg[2]/Q
                         net (fo=1, routed)           0.114     0.262    u_txn/lat_wdata_reg[7]_0[2]
    SLICE_X11Y65         FDCE                                         r  u_txn/lat_wdata_reg[2]/D
  -------------------------------------------------------------------    -------------------

Slack:                    inf
  Source:                 sw_q1_reg[5]/C
                            (rising edge-triggered cell FDRE)
  Destination:            sw_q2_reg[5]/D
  Path Group:             (none)
  Path Type:              Min at Fast Process Corner
  Data Path Delay:        0.274ns  (logic 0.164ns (59.853%)  route 0.110ns (40.147%))
  Logic Levels:           1  (FDRE=1)

    Location             Delay type                Incr(ns)  Path(ns)    Netlist Resource(s)
  -------------------------------------------------------------------    -------------------
    SLICE_X2Y73          FDRE                         0.000     0.000 r  sw_q1_reg[5]/C
    SLICE_X2Y73          FDRE (Prop_fdre_C_Q)         0.164     0.164 r  sw_q1_reg[5]/Q
                         net (fo=1, routed)           0.110     0.274    sw_q1[5]
    SLICE_X2Y73          FDRE                                         r  sw_q2_reg[5]/D
  -------------------------------------------------------------------    -------------------

Slack:                    inf
  Source:                 sw_q1_reg[8]/C
                            (rising edge-triggered cell FDRE)
  Destination:            sw_q2_reg[8]/D
  Path Group:             (none)
  Path Type:              Min at Fast Process Corner
  Data Path Delay:        0.274ns  (logic 0.164ns (59.853%)  route 0.110ns (40.147%))
  Logic Levels:           1  (FDRE=1)

    Location             Delay type                Incr(ns)  Path(ns)    Netlist Resource(s)
  -------------------------------------------------------------------    -------------------
    SLICE_X14Y60         FDRE                         0.000     0.000 r  sw_q1_reg[8]/C
    SLICE_X14Y60         FDRE (Prop_fdre_C_Q)         0.164     0.164 r  sw_q1_reg[8]/Q
                         net (fo=1, routed)           0.110     0.274    sw_q1[8]
    SLICE_X14Y60         FDRE                                         r  sw_q2_reg[8]/D
  -------------------------------------------------------------------    -------------------

Slack:                    inf
  Source:                 op_data_reg[1]/C
                            (rising edge-triggered cell FDRE)
  Destination:            txn_wdata_reg[1]/D
  Path Group:             (none)
  Path Type:              Min at Fast Process Corner
  Data Path Delay:        0.274ns  (logic 0.164ns (59.853%)  route 0.110ns (40.147%))
  Logic Levels:           1  (FDRE=1)

    Location             Delay type                Incr(ns)  Path(ns)    Netlist Resource(s)
  -------------------------------------------------------------------    -------------------
    SLICE_X10Y67         FDRE                         0.000     0.000 r  op_data_reg[1]/C
    SLICE_X10Y67         FDRE (Prop_fdre_C_Q)         0.164     0.164 r  op_data_reg[1]/Q
                         net (fo=1, routed)           0.110     0.274    op_data_reg_n_0_[1]
    SLICE_X10Y66         FDRE                                         r  txn_wdata_reg[1]/D
  -------------------------------------------------------------------    -------------------

Slack:                    inf
  Source:                 txn_addr_reg[7]/C
                            (rising edge-triggered cell FDRE)
  Destination:            u_txn/lat_addr_reg[7]/D
  Path Group:             (none)
  Path Type:              Min at Fast Process Corner
  Data Path Delay:        0.274ns  (logic 0.164ns (59.853%)  route 0.110ns (40.147%))
  Logic Levels:           1  (FDRE=1)

    Location             Delay type                Incr(ns)  Path(ns)    Netlist Resource(s)
  -------------------------------------------------------------------    -------------------
    SLICE_X10Y66         FDRE                         0.000     0.000 r  txn_addr_reg[7]/C
    SLICE_X10Y66         FDRE (Prop_fdre_C_Q)         0.164     0.164 r  txn_addr_reg[7]/Q
                         net (fo=1, routed)           0.110     0.274    u_txn/lat_addr_reg[11]_0[7]
    SLICE_X11Y65         FDCE                                         r  u_txn/lat_addr_reg[7]/D
  -------------------------------------------------------------------    -------------------





--------------------------------------------------------------------------------------
Path Group:  (none)
From Clock:  sys_clk_pin
  To Clock:  

Max Delay            15 Endpoints
Min Delay            15 Endpoints
--------------------------------------------------------------------------------------


Max Delay Paths
--------------------------------------------------------------------------------------
Slack:                    inf
  Source:                 u_7seg/scan_reg[15]/C
                            (rising edge-triggered cell FDRE clocked by sys_clk_pin  {rise@0.000ns fall@5.000ns period=10.000ns})
  Destination:            CD
                            (output port)
  Path Group:             (none)
  Path Type:              Max at Slow Process Corner
  Data Path Delay:        10.893ns  (logic 4.676ns (42.928%)  route 6.217ns (57.072%))
  Logic Levels:           4  (LUT5=1 LUT6=2 OBUF=1)
  Clock Uncertainty:      0.025ns  ((TSJ^2 + TIJ^2)^1/2 + DJ) / 2 + PE
    Total System Jitter     (TSJ):    0.050ns
    Total Input Jitter      (TIJ):    0.000ns
    Discrete Jitter          (DJ):    0.000ns
    Phase Error              (PE):    0.000ns

    Location             Delay type                Incr(ns)  Path(ns)    Netlist Resource(s)
  -------------------------------------------------------------------    -------------------
                         (clock sys_clk_pin rise edge)
                                                      0.000     0.000 r  
    E3                                                0.000     0.000 r  CLK100MHZ (IN)
                         net (fo=0)                   0.000     0.000    CLK100MHZ
    E3                   IBUF (Prop_ibuf_I_O)         1.482     1.482 r  CLK100MHZ_IBUF_inst/O
                         net (fo=1, routed)           2.025     3.506    CLK100MHZ_IBUF
    BUFGCTRL_X0Y16       BUFG (Prop_bufg_I_O)         0.096     3.602 r  CLK100MHZ_IBUF_BUFG_inst/O
                         net (fo=23, routed)          1.711     5.314    u_7seg/CLK100MHZ_IBUF_BUFG
    SLICE_X2Y71          FDRE                                         r  u_7seg/scan_reg[15]/C
  -------------------------------------------------------------------    -------------------
    SLICE_X2Y71          FDRE (Prop_fdre_C_Q)         0.518     5.832 r  u_7seg/scan_reg[15]/Q
                         net (fo=18, routed)          1.328     7.160    u_7seg/digit[1]
    SLICE_X7Y68          LUT6 (Prop_lut6_I4_O)        0.124     7.284 r  u_7seg/CA_OBUF_inst_i_8/O
                         net (fo=1, routed)           0.490     7.774    u_7seg/CA_OBUF_inst_i_8_n_0
    SLICE_X9Y68          LUT6 (Prop_lut6_I0_O)        0.124     7.898 r  u_7seg/CA_OBUF_inst_i_4/O
                         net (fo=7, routed)           1.089     8.987    u_7seg/nibble__28[3]
    SLICE_X1Y68          LUT5 (Prop_lut5_I1_O)        0.152     9.139 r  u_7seg/CD_OBUF_inst_i_1/O
                         net (fo=1, routed)           3.309    12.449    CD_OBUF
    K13                  OBUF (Prop_obuf_I_O)         3.758    16.207 r  CD_OBUF_inst/O
                         net (fo=0)                   0.000    16.207    CD
    K13                                                               r  CD (OUT)
  -------------------------------------------------------------------    -------------------

Slack:                    inf
  Source:                 u_7seg/scan_reg[14]/C
                            (rising edge-triggered cell FDRE clocked by sys_clk_pin  {rise@0.000ns fall@5.000ns period=10.000ns})
  Destination:            AN[6]
                            (output port)
  Path Group:             (none)
  Path Type:              Max at Slow Process Corner
  Data Path Delay:        10.172ns  (logic 4.160ns (40.892%)  route 6.012ns (59.108%))
  Logic Levels:           2  (LUT3=1 OBUF=1)
  Clock Uncertainty:      0.025ns  ((TSJ^2 + TIJ^2)^1/2 + DJ) / 2 + PE
    Total System Jitter     (TSJ):    0.050ns
    Total Input Jitter      (TIJ):    0.000ns
    Discrete Jitter          (DJ):    0.000ns
    Phase Error              (PE):    0.000ns

    Location             Delay type                Incr(ns)  Path(ns)    Netlist Resource(s)
  -------------------------------------------------------------------    -------------------
                         (clock sys_clk_pin rise edge)
                                                      0.000     0.000 r  
    E3                                                0.000     0.000 r  CLK100MHZ (IN)
                         net (fo=0)                   0.000     0.000    CLK100MHZ
    E3                   IBUF (Prop_ibuf_I_O)         1.482     1.482 r  CLK100MHZ_IBUF_inst/O
                         net (fo=1, routed)           2.025     3.506    CLK100MHZ_IBUF
    BUFGCTRL_X0Y16       BUFG (Prop_bufg_I_O)         0.096     3.602 r  CLK100MHZ_IBUF_BUFG_inst/O
                         net (fo=23, routed)          1.711     5.314    u_7seg/CLK100MHZ_IBUF_BUFG
    SLICE_X2Y71          FDRE                                         r  u_7seg/scan_reg[14]/C
  -------------------------------------------------------------------    -------------------
    SLICE_X2Y71          FDRE (Prop_fdre_C_Q)         0.518     5.832 r  u_7seg/scan_reg[14]/Q
                         net (fo=18, routed)          0.859     6.691    u_7seg/digit[0]
    SLICE_X3Y71          LUT3 (Prop_lut3_I2_O)        0.124     6.815 r  u_7seg/AN_OBUF[6]_inst_i_1/O
                         net (fo=1, routed)           5.154    11.968    AN_OBUF[6]
    K2                   OBUF (Prop_obuf_I_O)         3.518    15.486 r  AN_OBUF[6]_inst/O
                         net (fo=0)                   0.000    15.486    AN[6]
    K2                                                                r  AN[6] (OUT)
  -------------------------------------------------------------------    -------------------

Slack:                    inf
  Source:                 u_7seg/scan_reg[16]/C
                            (rising edge-triggered cell FDRE clocked by sys_clk_pin  {rise@0.000ns fall@5.000ns period=10.000ns})
  Destination:            CA
                            (output port)
  Path Group:             (none)
  Path Type:              Max at Slow Process Corner
  Data Path Delay:        10.088ns  (logic 4.697ns (46.561%)  route 5.391ns (53.439%))
  Logic Levels:           4  (LUT5=1 LUT6=2 OBUF=1)
  Clock Uncertainty:      0.025ns  ((TSJ^2 + TIJ^2)^1/2 + DJ) / 2 + PE
    Total System Jitter     (TSJ):    0.050ns
    Total Input Jitter      (TIJ):    0.000ns
    Discrete Jitter          (DJ):    0.000ns
    Phase Error              (PE):    0.000ns

    Location             Delay type                Incr(ns)  Path(ns)    Netlist Resource(s)
  -------------------------------------------------------------------    -------------------
                         (clock sys_clk_pin rise edge)
                                                      0.000     0.000 r  
    E3                                                0.000     0.000 r  CLK100MHZ (IN)
                         net (fo=0)                   0.000     0.000    CLK100MHZ
    E3                   IBUF (Prop_ibuf_I_O)         1.482     1.482 r  CLK100MHZ_IBUF_inst/O
                         net (fo=1, routed)           2.025     3.506    CLK100MHZ_IBUF
    BUFGCTRL_X0Y16       BUFG (Prop_bufg_I_O)         0.096     3.602 r  CLK100MHZ_IBUF_BUFG_inst/O
                         net (fo=23, routed)          1.708     5.311    u_7seg/CLK100MHZ_IBUF_BUFG
    SLICE_X2Y72          FDRE                                         r  u_7seg/scan_reg[16]/C
  -------------------------------------------------------------------    -------------------
    SLICE_X2Y72          FDRE (Prop_fdre_C_Q)         0.518     5.829 r  u_7seg/scan_reg[16]/Q
                         net (fo=18, routed)          1.164     6.992    u_7seg/digit[2]
    SLICE_X4Y68          LUT6 (Prop_lut6_I0_O)        0.124     7.116 r  u_7seg/CA_OBUF_inst_i_10/O
                         net (fo=1, routed)           0.871     7.987    u_7seg/CA_OBUF_inst_i_10_n_0
    SLICE_X9Y68          LUT6 (Prop_lut6_I0_O)        0.124     8.111 r  u_7seg/CA_OBUF_inst_i_6/O
                         net (fo=7, routed)           1.075     9.186    u_7seg/nibble__28[0]
    SLICE_X1Y68          LUT5 (Prop_lut5_I4_O)        0.152     9.338 r  u_7seg/CA_OBUF_inst_i_1/O
                         net (fo=1, routed)           2.282    11.620    CA_OBUF
    T10                  OBUF (Prop_obuf_I_O)         3.779    15.399 r  CA_OBUF_inst/O
                         net (fo=0)                   0.000    15.399    CA
    T10                                                               r  CA (OUT)
  -------------------------------------------------------------------    -------------------

Slack:                    inf
  Source:                 u_7seg/scan_reg[15]/C
                            (rising edge-triggered cell FDRE clocked by sys_clk_pin  {rise@0.000ns fall@5.000ns period=10.000ns})
  Destination:            CC
                            (output port)
  Path Group:             (none)
  Path Type:              Max at Slow Process Corner
  Data Path Delay:        9.960ns  (logic 4.383ns (44.008%)  route 5.577ns (55.992%))
  Logic Levels:           4  (LUT5=1 LUT6=2 OBUF=1)
  Clock Uncertainty:      0.025ns  ((TSJ^2 + TIJ^2)^1/2 + DJ) / 2 + PE
    Total System Jitter     (TSJ):    0.050ns
    Total Input Jitter      (TIJ):    0.000ns
    Discrete Jitter          (DJ):    0.000ns
    Phase Error              (PE):    0.000ns

    Location             Delay type                Incr(ns)  Path(ns)    Netlist Resource(s)
  -------------------------------------------------------------------    -------------------
                         (clock sys_clk_pin rise edge)
                                                      0.000     0.000 r  
    E3                                                0.000     0.000 r  CLK100MHZ (IN)
                         net (fo=0)                   0.000     0.000    CLK100MHZ
    E3                   IBUF (Prop_ibuf_I_O)         1.482     1.482 r  CLK100MHZ_IBUF_inst/O
                         net (fo=1, routed)           2.025     3.506    CLK100MHZ_IBUF
    BUFGCTRL_X0Y16       BUFG (Prop_bufg_I_O)         0.096     3.602 r  CLK100MHZ_IBUF_BUFG_inst/O
                         net (fo=23, routed)          1.711     5.314    u_7seg/CLK100MHZ_IBUF_BUFG
    SLICE_X2Y71          FDRE                                         r  u_7seg/scan_reg[15]/C
  -------------------------------------------------------------------    -------------------
    SLICE_X2Y71          FDRE (Prop_fdre_C_Q)         0.518     5.832 r  u_7seg/scan_reg[15]/Q
                         net (fo=18, routed)          1.328     7.160    u_7seg/digit[1]
    SLICE_X7Y68          LUT6 (Prop_lut6_I4_O)        0.124     7.284 r  u_7seg/CA_OBUF_inst_i_8/O
                         net (fo=1, routed)           0.490     7.774    u_7seg/CA_OBUF_inst_i_8_n_0
    SLICE_X9Y68          LUT6 (Prop_lut6_I0_O)        0.124     7.898 r  u_7seg/CA_OBUF_inst_i_4/O
                         net (fo=7, routed)           1.089     8.987    u_7seg/nibble__28[3]
    SLICE_X1Y68          LUT5 (Prop_lut5_I2_O)        0.124     9.111 r  u_7seg/CC_OBUF_inst_i_1/O
                         net (fo=1, routed)           2.669    11.780    CC_OBUF
    K16                  OBUF (Prop_obuf_I_O)         3.493    15.273 r  CC_OBUF_inst/O
                         net (fo=0)                   0.000    15.273    CC
    K16                                                               r  CC (OUT)
  -------------------------------------------------------------------    -------------------

Slack:                    inf
  Source:                 u_7seg/scan_reg[16]/C
                            (rising edge-triggered cell FDRE clocked by sys_clk_pin  {rise@0.000ns fall@5.000ns period=10.000ns})
  Destination:            CB
                            (output port)
  Path Group:             (none)
  Path Type:              Max at Slow Process Corner
  Data Path Delay:        9.820ns  (logic 4.445ns (45.270%)  route 5.374ns (54.730%))
  Logic Levels:           4  (LUT5=1 LUT6=2 OBUF=1)
  Clock Uncertainty:      0.025ns  ((TSJ^2 + TIJ^2)^1/2 + DJ) / 2 + PE
    Total System Jitter     (TSJ):    0.050ns
    Total Input Jitter      (TIJ):    0.000ns
    Discrete Jitter          (DJ):    0.000ns
    Phase Error              (PE):    0.000ns

    Location             Delay type                Incr(ns)  Path(ns)    Netlist Resource(s)
  -------------------------------------------------------------------    -------------------
                         (clock sys_clk_pin rise edge)
                                                      0.000     0.000 r  
    E3                                                0.000     0.000 r  CLK100MHZ (IN)
                         net (fo=0)                   0.000     0.000    CLK100MHZ
    E3                   IBUF (Prop_ibuf_I_O)         1.482     1.482 r  CLK100MHZ_IBUF_inst/O
                         net (fo=1, routed)           2.025     3.506    CLK100MHZ_IBUF
    BUFGCTRL_X0Y16       BUFG (Prop_bufg_I_O)         0.096     3.602 r  CLK100MHZ_IBUF_BUFG_inst/O
                         net (fo=23, routed)          1.708     5.311    u_7seg/CLK100MHZ_IBUF_BUFG
    SLICE_X2Y72          FDRE                                         r  u_7seg/scan_reg[16]/C
  -------------------------------------------------------------------    -------------------
    SLICE_X2Y72          FDRE (Prop_fdre_C_Q)         0.518     5.829 r  u_7seg/scan_reg[16]/Q
                         net (fo=18, routed)          1.164     6.992    u_7seg/digit[2]
    SLICE_X4Y68          LUT6 (Prop_lut6_I0_O)        0.124     7.116 r  u_7seg/CA_OBUF_inst_i_10/O
                         net (fo=1, routed)           0.871     7.987    u_7seg/CA_OBUF_inst_i_10_n_0
    SLICE_X9Y68          LUT6 (Prop_lut6_I0_O)        0.124     8.111 r  u_7seg/CA_OBUF_inst_i_6/O
                         net (fo=7, routed)           1.075     9.186    u_7seg/nibble__28[0]
    SLICE_X1Y68          LUT5 (Prop_lut5_I4_O)        0.124     9.310 r  u_7seg/CB_OBUF_inst_i_1/O
                         net (fo=1, routed)           2.265    11.575    CB_OBUF
    R10                  OBUF (Prop_obuf_I_O)         3.555    15.130 r  CB_OBUF_inst/O
                         net (fo=0)                   0.000    15.130    CB
    R10                                                               r  CB (OUT)
  -------------------------------------------------------------------    -------------------

Slack:                    inf
  Source:                 u_7seg/scan_reg[15]/C
                            (rising edge-triggered cell FDRE clocked by sys_clk_pin  {rise@0.000ns fall@5.000ns period=10.000ns})
  Destination:            CG
                            (output port)
  Path Group:             (none)
  Path Type:              Max at Slow Process Corner
  Data Path Delay:        9.695ns  (logic 4.427ns (45.667%)  route 5.268ns (54.333%))
  Logic Levels:           4  (LUT5=1 LUT6=2 OBUF=1)
  Clock Uncertainty:      0.025ns  ((TSJ^2 + TIJ^2)^1/2 + DJ) / 2 + PE
    Total System Jitter     (TSJ):    0.050ns
    Total Input Jitter      (TIJ):    0.000ns
    Discrete Jitter          (DJ):    0.000ns
    Phase Error              (PE):    0.000ns

    Location             Delay type                Incr(ns)  Path(ns)    Netlist Resource(s)
  -------------------------------------------------------------------    -------------------
                         (clock sys_clk_pin rise edge)
                                                      0.000     0.000 r  
    E3                                                0.000     0.000 r  CLK100MHZ (IN)
                         net (fo=0)                   0.000     0.000    CLK100MHZ
    E3                   IBUF (Prop_ibuf_I_O)         1.482     1.482 r  CLK100MHZ_IBUF_inst/O
                         net (fo=1, routed)           2.025     3.506    CLK100MHZ_IBUF
    BUFGCTRL_X0Y16       BUFG (Prop_bufg_I_O)         0.096     3.602 r  CLK100MHZ_IBUF_BUFG_inst/O
                         net (fo=23, routed)          1.711     5.314    u_7seg/CLK100MHZ_IBUF_BUFG
    SLICE_X2Y71          FDRE                                         r  u_7seg/scan_reg[15]/C
  -------------------------------------------------------------------    -------------------
    SLICE_X2Y71          FDRE (Prop_fdre_C_Q)         0.518     5.832 r  u_7seg/scan_reg[15]/Q
                         net (fo=18, routed)          1.323     7.155    u_7seg/digit[1]
    SLICE_X7Y68          LUT6 (Prop_lut6_I4_O)        0.124     7.279 r  u_7seg/CA_OBUF_inst_i_7/O
                         net (fo=1, routed)           0.473     7.752    u_7seg/CA_OBUF_inst_i_7_n_0
    SLICE_X7Y68          LUT6 (Prop_lut6_I0_O)        0.124     7.876 r  u_7seg/CA_OBUF_inst_i_3/O
                         net (fo=7, routed)           0.985     8.861    u_7seg/nibble__28[1]
    SLICE_X1Y68          LUT5 (Prop_lut5_I2_O)        0.124     8.985 r  u_7seg/CG_OBUF_inst_i_1/O
                         net (fo=1, routed)           2.487    11.471    CG_OBUF
    L18                  OBUF (Prop_obuf_I_O)         3.537    15.009 r  CG_OBUF_inst/O
                         net (fo=0)                   0.000    15.009    CG
    L18                                                               r  CG (OUT)
  -------------------------------------------------------------------    -------------------

Slack:                    inf
  Source:                 u_7seg/scan_reg[16]/C
                            (rising edge-triggered cell FDRE clocked by sys_clk_pin  {rise@0.000ns fall@5.000ns period=10.000ns})
  Destination:            CF
                            (output port)
  Path Group:             (none)
  Path Type:              Max at Slow Process Corner
  Data Path Delay:        9.531ns  (logic 4.684ns (49.141%)  route 4.848ns (50.859%))
  Logic Levels:           4  (LUT5=1 LUT6=2 OBUF=1)
  Clock Uncertainty:      0.025ns  ((TSJ^2 + TIJ^2)^1/2 + DJ) / 2 + PE
    Total System Jitter     (TSJ):    0.050ns
    Total Input Jitter      (TIJ):    0.000ns
    Discrete Jitter          (DJ):    0.000ns
    Phase Error              (PE):    0.000ns

    Location             Delay type                Incr(ns)  Path(ns)    Netlist Resource(s)
  -------------------------------------------------------------------    -------------------
                         (clock sys_clk_pin rise edge)
                                                      0.000     0.000 r  
    E3                                                0.000     0.000 r  CLK100MHZ (IN)
                         net (fo=0)                   0.000     0.000    CLK100MHZ
    E3                   IBUF (Prop_ibuf_I_O)         1.482     1.482 r  CLK100MHZ_IBUF_inst/O
                         net (fo=1, routed)           2.025     3.506    CLK100MHZ_IBUF
    BUFGCTRL_X0Y16       BUFG (Prop_bufg_I_O)         0.096     3.602 r  CLK100MHZ_IBUF_BUFG_inst/O
                         net (fo=23, routed)          1.708     5.311    u_7seg/CLK100MHZ_IBUF_BUFG
    SLICE_X2Y72          FDRE                                         r  u_7seg/scan_reg[16]/C
  -------------------------------------------------------------------    -------------------
    SLICE_X2Y72          FDRE (Prop_fdre_C_Q)         0.518     5.829 r  u_7seg/scan_reg[16]/Q
                         net (fo=18, routed)          1.164     6.992    u_7seg/digit[2]
    SLICE_X4Y68          LUT6 (Prop_lut6_I0_O)        0.124     7.116 r  u_7seg/CA_OBUF_inst_i_10/O
                         net (fo=1, routed)           0.871     7.987    u_7seg/CA_OBUF_inst_i_10_n_0
    SLICE_X9Y68          LUT6 (Prop_lut6_I0_O)        0.124     8.111 r  u_7seg/CA_OBUF_inst_i_6/O
                         net (fo=7, routed)           1.075     9.186    u_7seg/nibble__28[0]
    SLICE_X1Y68          LUT5 (Prop_lut5_I3_O)        0.154     9.340 r  u_7seg/CF_OBUF_inst_i_1/O
                         net (fo=1, routed)           1.738    11.078    CF_OBUF
    T11                  OBUF (Prop_obuf_I_O)         3.764    14.842 r  CF_OBUF_inst/O
                         net (fo=0)                   0.000    14.842    CF
    T11                                                               r  CF (OUT)
  -------------------------------------------------------------------    -------------------

Slack:                    inf
  Source:                 u_7seg/scan_reg[16]/C
                            (rising edge-triggered cell FDRE clocked by sys_clk_pin  {rise@0.000ns fall@5.000ns period=10.000ns})
  Destination:            CE
                            (output port)
  Path Group:             (none)
  Path Type:              Max at Slow Process Corner
  Data Path Delay:        9.394ns  (logic 4.424ns (47.086%)  route 4.971ns (52.914%))
  Logic Levels:           4  (LUT5=1 LUT6=2 OBUF=1)
  Clock Uncertainty:      0.025ns  ((TSJ^2 + TIJ^2)^1/2 + DJ) / 2 + PE
    Total System Jitter     (TSJ):    0.050ns
    Total Input Jitter      (TIJ):    0.000ns
    Discrete Jitter          (DJ):    0.000ns
    Phase Error              (PE):    0.000ns

    Location             Delay type                Incr(ns)  Path(ns)    Netlist Resource(s)
  -------------------------------------------------------------------    -------------------
                         (clock sys_clk_pin rise edge)
                                                      0.000     0.000 r  
    E3                                                0.000     0.000 r  CLK100MHZ (IN)
                         net (fo=0)                   0.000     0.000    CLK100MHZ
    E3                   IBUF (Prop_ibuf_I_O)         1.482     1.482 r  CLK100MHZ_IBUF_inst/O
                         net (fo=1, routed)           2.025     3.506    CLK100MHZ_IBUF
    BUFGCTRL_X0Y16       BUFG (Prop_bufg_I_O)         0.096     3.602 r  CLK100MHZ_IBUF_BUFG_inst/O
                         net (fo=23, routed)          1.708     5.311    u_7seg/CLK100MHZ_IBUF_BUFG
    SLICE_X2Y72          FDRE                                         r  u_7seg/scan_reg[16]/C
  -------------------------------------------------------------------    -------------------
    SLICE_X2Y72          FDRE (Prop_fdre_C_Q)         0.518     5.829 r  u_7seg/scan_reg[16]/Q
                         net (fo=18, routed)          1.164     6.992    u_7seg/digit[2]
    SLICE_X4Y68          LUT6 (Prop_lut6_I0_O)        0.124     7.116 r  u_7seg/CA_OBUF_inst_i_10/O
                         net (fo=1, routed)           0.871     7.987    u_7seg/CA_OBUF_inst_i_10_n_0
    SLICE_X9Y68          LUT6 (Prop_lut6_I0_O)        0.124     8.111 r  u_7seg/CA_OBUF_inst_i_6/O
                         net (fo=7, routed)           1.075     9.186    u_7seg/nibble__28[0]
    SLICE_X1Y68          LUT5 (Prop_lut5_I3_O)        0.124     9.310 r  u_7seg/CE_OBUF_inst_i_1/O
                         net (fo=1, routed)           1.862    11.172    CE_OBUF
    P15                  OBUF (Prop_obuf_I_O)         3.534    14.705 r  CE_OBUF_inst/O
                         net (fo=0)                   0.000    14.705    CE
    P15                                                               r  CE (OUT)
  -------------------------------------------------------------------    -------------------

Slack:                    inf
  Source:                 u_7seg/scan_reg[16]/C
                            (rising edge-triggered cell FDRE clocked by sys_clk_pin  {rise@0.000ns fall@5.000ns period=10.000ns})
  Destination:            AN[1]
                            (output port)
  Path Group:             (none)
  Path Type:              Max at Slow Process Corner
  Data Path Delay:        8.024ns  (logic 4.178ns (52.062%)  route 3.847ns (47.938%))
  Logic Levels:           2  (LUT3=1 OBUF=1)
  Clock Uncertainty:      0.025ns  ((TSJ^2 + TIJ^2)^1/2 + DJ) / 2 + PE
    Total System Jitter     (TSJ):    0.050ns
    Total Input Jitter      (TIJ):    0.000ns
    Discrete Jitter          (DJ):    0.000ns
    Phase Error              (PE):    0.000ns

    Location             Delay type                Incr(ns)  Path(ns)    Netlist Resource(s)
  -------------------------------------------------------------------    -------------------
                         (clock sys_clk_pin rise edge)
                                                      0.000     0.000 r  
    E3                                                0.000     0.000 r  CLK100MHZ (IN)
                         net (fo=0)                   0.000     0.000    CLK100MHZ
    E3                   IBUF (Prop_ibuf_I_O)         1.482     1.482 r  CLK100MHZ_IBUF_inst/O
                         net (fo=1, routed)           2.025     3.506    CLK100MHZ_IBUF
    BUFGCTRL_X0Y16       BUFG (Prop_bufg_I_O)         0.096     3.602 r  CLK100MHZ_IBUF_BUFG_inst/O
                         net (fo=23, routed)          1.708     5.311    u_7seg/CLK100MHZ_IBUF_BUFG
    SLICE_X2Y72          FDRE                                         r  u_7seg/scan_reg[16]/C
  -------------------------------------------------------------------    -------------------
    SLICE_X2Y72          FDRE (Prop_fdre_C_Q)         0.518     5.829 r  u_7seg/scan_reg[16]/Q
                         net (fo=18, routed)          1.116     6.944    u_7seg/digit[2]
    SLICE_X0Y70          LUT3 (Prop_lut3_I1_O)        0.124     7.068 r  u_7seg/AN_OBUF[1]_inst_i_1/O
                         net (fo=1, routed)           2.731     9.799    AN_OBUF[1]
    J18                  OBUF (Prop_obuf_I_O)         3.536    13.335 r  AN_OBUF[1]_inst/O
                         net (fo=0)                   0.000    13.335    AN[1]
    J18                                                               r  AN[1] (OUT)
  -------------------------------------------------------------------    -------------------

Slack:                    inf
  Source:                 u_7seg/scan_reg[16]/C
                            (rising edge-triggered cell FDRE clocked by sys_clk_pin  {rise@0.000ns fall@5.000ns period=10.000ns})
  Destination:            AN[3]
                            (output port)
  Path Group:             (none)
  Path Type:              Max at Slow Process Corner
  Data Path Delay:        7.865ns  (logic 4.194ns (53.327%)  route 3.671ns (46.673%))
  Logic Levels:           2  (LUT3=1 OBUF=1)
  Clock Uncertainty:      0.025ns  ((TSJ^2 + TIJ^2)^1/2 + DJ) / 2 + PE
    Total System Jitter     (TSJ):    0.050ns
    Total Input Jitter      (TIJ):    0.000ns
    Discrete Jitter          (DJ):    0.000ns
    Phase Error              (PE):    0.000ns

    Location             Delay type                Incr(ns)  Path(ns)    Netlist Resource(s)
  -------------------------------------------------------------------    -------------------
                         (clock sys_clk_pin rise edge)
                                                      0.000     0.000 r  
    E3                                                0.000     0.000 r  CLK100MHZ (IN)
                         net (fo=0)                   0.000     0.000    CLK100MHZ
    E3                   IBUF (Prop_ibuf_I_O)         1.482     1.482 r  CLK100MHZ_IBUF_inst/O
                         net (fo=1, routed)           2.025     3.506    CLK100MHZ_IBUF
    BUFGCTRL_X0Y16       BUFG (Prop_bufg_I_O)         0.096     3.602 r  CLK100MHZ_IBUF_BUFG_inst/O
                         net (fo=23, routed)          1.708     5.311    u_7seg/CLK100MHZ_IBUF_BUFG
    SLICE_X2Y72          FDRE                                         r  u_7seg/scan_reg[16]/C
  -------------------------------------------------------------------    -------------------
    SLICE_X2Y72          FDRE (Prop_fdre_C_Q)         0.518     5.829 r  u_7seg/scan_reg[16]/Q
                         net (fo=18, routed)          0.839     6.668    u_7seg/digit[2]
    SLICE_X0Y71          LUT3 (Prop_lut3_I2_O)        0.124     6.792 r  u_7seg/AN_OBUF[3]_inst_i_1/O
                         net (fo=1, routed)           2.831     9.623    AN_OBUF[3]
    J14                  OBUF (Prop_obuf_I_O)         3.552    13.175 r  AN_OBUF[3]_inst/O
                         net (fo=0)                   0.000    13.175    AN[3]
    J14                                                               r  AN[3] (OUT)
  -------------------------------------------------------------------    -------------------





Min Delay Paths
--------------------------------------------------------------------------------------
Slack:                    inf
  Source:                 u_7seg/scan_reg[14]/C
                            (rising edge-triggered cell FDRE clocked by sys_clk_pin  {rise@0.000ns fall@5.000ns period=10.000ns})
  Destination:            AN[4]
                            (output port)
  Path Group:             (none)
  Path Type:              Min at Fast Process Corner
  Data Path Delay:        2.059ns  (logic 1.460ns (70.888%)  route 0.599ns (29.112%))
  Logic Levels:           2  (LUT3=1 OBUF=1)
  Clock Uncertainty:      0.025ns  ((TSJ^2 + TIJ^2)^1/2 + DJ) / 2 + PE
    Total System Jitter     (TSJ):    0.050ns
    Total Input Jitter      (TIJ):    0.000ns
    Discrete Jitter          (DJ):    0.000ns
    Phase Error              (PE):    0.000ns

    Location             Delay type                Incr(ns)  Path(ns)    Netlist Resource(s)
  -------------------------------------------------------------------    -------------------
                         (clock sys_clk_pin rise edge)
                                                      0.000     0.000 r  
    E3                                                0.000     0.000 r  CLK100MHZ (IN)
                         net (fo=0)                   0.000     0.000    CLK100MHZ
    E3                   IBUF (Prop_ibuf_I_O)         0.250     0.250 r  CLK100MHZ_IBUF_inst/O
                         net (fo=1, routed)           0.644     0.894    CLK100MHZ_IBUF
    BUFGCTRL_X0Y16       BUFG (Prop_bufg_I_O)         0.026     0.920 r  CLK100MHZ_IBUF_BUFG_inst/O
                         net (fo=23, routed)          0.594     1.513    u_7seg/CLK100MHZ_IBUF_BUFG
    SLICE_X2Y71          FDRE                                         r  u_7seg/scan_reg[14]/C
  -------------------------------------------------------------------    -------------------
    SLICE_X2Y71          FDRE (Prop_fdre_C_Q)         0.164     1.677 r  u_7seg/scan_reg[14]/Q
                         net (fo=18, routed)          0.123     1.800    u_7seg/digit[0]
    SLICE_X0Y71          LUT3 (Prop_lut3_I2_O)        0.045     1.845 r  u_7seg/AN_OBUF[4]_inst_i_1/O
                         net (fo=1, routed)           0.477     2.322    AN_OBUF[4]
    P14                  OBUF (Prop_obuf_I_O)         1.251     3.572 r  AN_OBUF[4]_inst/O
                         net (fo=0)                   0.000     3.572    AN[4]
    P14                                                               r  AN[4] (OUT)
  -------------------------------------------------------------------    -------------------

Slack:                    inf
  Source:                 u_7seg/scan_reg[15]/C
                            (rising edge-triggered cell FDRE clocked by sys_clk_pin  {rise@0.000ns fall@5.000ns period=10.000ns})
  Destination:            AN[5]
                            (output port)
  Path Group:             (none)
  Path Type:              Min at Fast Process Corner
  Data Path Delay:        2.066ns  (logic 1.526ns (73.869%)  route 0.540ns (26.131%))
  Logic Levels:           2  (LUT3=1 OBUF=1)
  Clock Uncertainty:      0.025ns  ((TSJ^2 + TIJ^2)^1/2 + DJ) / 2 + PE
    Total System Jitter     (TSJ):    0.050ns
    Total Input Jitter      (TIJ):    0.000ns
    Discrete Jitter          (DJ):    0.000ns
    Phase Error              (PE):    0.000ns

    Location             Delay type                Incr(ns)  Path(ns)    Netlist Resource(s)
  -------------------------------------------------------------------    -------------------
                         (clock sys_clk_pin rise edge)
                                                      0.000     0.000 r  
    E3                                                0.000     0.000 r  CLK100MHZ (IN)
                         net (fo=0)                   0.000     0.000    CLK100MHZ
    E3                   IBUF (Prop_ibuf_I_O)         0.250     0.250 r  CLK100MHZ_IBUF_inst/O
                         net (fo=1, routed)           0.644     0.894    CLK100MHZ_IBUF
    BUFGCTRL_X0Y16       BUFG (Prop_bufg_I_O)         0.026     0.920 r  CLK100MHZ_IBUF_BUFG_inst/O
                         net (fo=23, routed)          0.594     1.513    u_7seg/CLK100MHZ_IBUF_BUFG
    SLICE_X2Y71          FDRE                                         r  u_7seg/scan_reg[15]/C
  -------------------------------------------------------------------    -------------------
    SLICE_X2Y71          FDRE (Prop_fdre_C_Q)         0.164     1.677 r  u_7seg/scan_reg[15]/Q
                         net (fo=18, routed)          0.192     1.869    u_7seg/digit[1]
    SLICE_X0Y71          LUT3 (Prop_lut3_I2_O)        0.048     1.917 r  u_7seg/AN_OBUF[5]_inst_i_1/O
                         net (fo=1, routed)           0.348     2.265    AN_OBUF[5]
    T14                  OBUF (Prop_obuf_I_O)         1.314     3.580 r  AN_OBUF[5]_inst/O
                         net (fo=0)                   0.000     3.580    AN[5]
    T14                                                               r  AN[5] (OUT)
  -------------------------------------------------------------------    -------------------

Slack:                    inf
  Source:                 u_7seg/scan_reg[16]/C
                            (rising edge-triggered cell FDRE clocked by sys_clk_pin  {rise@0.000ns fall@5.000ns period=10.000ns})
  Destination:            AN[7]
                            (output port)
  Path Group:             (none)
  Path Type:              Min at Fast Process Corner
  Data Path Delay:        2.356ns  (logic 1.522ns (64.609%)  route 0.834ns (35.391%))
  Logic Levels:           2  (LUT3=1 OBUF=1)
  Clock Uncertainty:      0.025ns  ((TSJ^2 + TIJ^2)^1/2 + DJ) / 2 + PE
    Total System Jitter     (TSJ):    0.050ns
    Total Input Jitter      (TIJ):    0.000ns
    Discrete Jitter          (DJ):    0.000ns
    Phase Error              (PE):    0.000ns

    Location             Delay type                Incr(ns)  Path(ns)    Netlist Resource(s)
  -------------------------------------------------------------------    -------------------
                         (clock sys_clk_pin rise edge)
                                                      0.000     0.000 r  
    E3                                                0.000     0.000 r  CLK100MHZ (IN)
                         net (fo=0)                   0.000     0.000    CLK100MHZ
    E3                   IBUF (Prop_ibuf_I_O)         0.250     0.250 r  CLK100MHZ_IBUF_inst/O
                         net (fo=1, routed)           0.644     0.894    CLK100MHZ_IBUF
    BUFGCTRL_X0Y16       BUFG (Prop_bufg_I_O)         0.026     0.920 r  CLK100MHZ_IBUF_BUFG_inst/O
                         net (fo=23, routed)          0.594     1.513    u_7seg/CLK100MHZ_IBUF_BUFG
    SLICE_X2Y72          FDRE                                         r  u_7seg/scan_reg[16]/C
  -------------------------------------------------------------------    -------------------
    SLICE_X2Y72          FDRE (Prop_fdre_C_Q)         0.164     1.677 f  u_7seg/scan_reg[16]/Q
                         net (fo=18, routed)          0.242     1.919    u_7seg/digit[2]
    SLICE_X3Y71          LUT3 (Prop_lut3_I0_O)        0.042     1.961 r  u_7seg/AN_OBUF[7]_inst_i_1/O
                         net (fo=1, routed)           0.592     2.553    AN_OBUF[7]
    U13                  OBUF (Prop_obuf_I_O)         1.316     3.869 r  AN_OBUF[7]_inst/O
                         net (fo=0)                   0.000     3.869    AN[7]
    U13                                                               r  AN[7] (OUT)
  -------------------------------------------------------------------    -------------------

Slack:                    inf
  Source:                 u_7seg/scan_reg[14]/C
                            (rising edge-triggered cell FDRE clocked by sys_clk_pin  {rise@0.000ns fall@5.000ns period=10.000ns})
  Destination:            AN[0]
                            (output port)
  Path Group:             (none)
  Path Type:              Min at Fast Process Corner
  Data Path Delay:        2.412ns  (logic 1.445ns (59.927%)  route 0.966ns (40.073%))
  Logic Levels:           2  (LUT3=1 OBUF=1)
  Clock Uncertainty:      0.025ns  ((TSJ^2 + TIJ^2)^1/2 + DJ) / 2 + PE
    Total System Jitter     (TSJ):    0.050ns
    Total Input Jitter      (TIJ):    0.000ns
    Discrete Jitter          (DJ):    0.000ns
    Phase Error              (PE):    0.000ns

    Location             Delay type                Incr(ns)  Path(ns)    Netlist Resource(s)
  -------------------------------------------------------------------    -------------------
                         (clock sys_clk_pin rise edge)
                                                      0.000     0.000 r  
    E3                                                0.000     0.000 r  CLK100MHZ (IN)
                         net (fo=0)                   0.000     0.000    CLK100MHZ
    E3                   IBUF (Prop_ibuf_I_O)         0.250     0.250 r  CLK100MHZ_IBUF_inst/O
                         net (fo=1, routed)           0.644     0.894    CLK100MHZ_IBUF
    BUFGCTRL_X0Y16       BUFG (Prop_bufg_I_O)         0.026     0.920 r  CLK100MHZ_IBUF_BUFG_inst/O
                         net (fo=23, routed)          0.594     1.513    u_7seg/CLK100MHZ_IBUF_BUFG
    SLICE_X2Y71          FDRE                                         r  u_7seg/scan_reg[14]/C
  -------------------------------------------------------------------    -------------------
    SLICE_X2Y71          FDRE (Prop_fdre_C_Q)         0.164     1.677 r  u_7seg/scan_reg[14]/Q
                         net (fo=18, routed)          0.285     1.962    u_7seg/digit[0]
    SLICE_X0Y70          LUT3 (Prop_lut3_I2_O)        0.045     2.007 r  u_7seg/AN_OBUF[0]_inst_i_1/O
                         net (fo=1, routed)           0.681     2.689    AN_OBUF[0]
    J17                  OBUF (Prop_obuf_I_O)         1.236     3.925 r  AN_OBUF[0]_inst/O
                         net (fo=0)                   0.000     3.925    AN[0]
    J17                                                               r  AN[0] (OUT)
  -------------------------------------------------------------------    -------------------

Slack:                    inf
  Source:                 u_7seg/scan_reg[14]/C
                            (rising edge-triggered cell FDRE clocked by sys_clk_pin  {rise@0.000ns fall@5.000ns period=10.000ns})
  Destination:            CE
                            (output port)
  Path Group:             (none)
  Path Type:              Min at Fast Process Corner
  Data Path Delay:        2.418ns  (logic 1.488ns (61.566%)  route 0.929ns (38.434%))
  Logic Levels:           3  (LUT5=1 LUT6=1 OBUF=1)
  Clock Uncertainty:      0.025ns  ((TSJ^2 + TIJ^2)^1/2 + DJ) / 2 + PE
    Total System Jitter     (TSJ):    0.050ns
    Total Input Jitter      (TIJ):    0.000ns
    Discrete Jitter          (DJ):    0.000ns
    Phase Error              (PE):    0.000ns

    Location             Delay type                Incr(ns)  Path(ns)    Netlist Resource(s)
  -------------------------------------------------------------------    -------------------
                         (clock sys_clk_pin rise edge)
                                                      0.000     0.000 r  
    E3                                                0.000     0.000 r  CLK100MHZ (IN)
                         net (fo=0)                   0.000     0.000    CLK100MHZ
    E3                   IBUF (Prop_ibuf_I_O)         0.250     0.250 r  CLK100MHZ_IBUF_inst/O
                         net (fo=1, routed)           0.644     0.894    CLK100MHZ_IBUF
    BUFGCTRL_X0Y16       BUFG (Prop_bufg_I_O)         0.026     0.920 r  CLK100MHZ_IBUF_BUFG_inst/O
                         net (fo=23, routed)          0.594     1.513    u_7seg/CLK100MHZ_IBUF_BUFG
    SLICE_X2Y71          FDRE                                         r  u_7seg/scan_reg[14]/C
  -------------------------------------------------------------------    -------------------
    SLICE_X2Y71          FDRE (Prop_fdre_C_Q)         0.164     1.677 r  u_7seg/scan_reg[14]/Q
                         net (fo=18, routed)          0.284     1.962    u_7seg/digit[0]
    SLICE_X4Y68          LUT6 (Prop_lut6_I4_O)        0.045     2.007 r  u_7seg/CA_OBUF_inst_i_5/O
                         net (fo=7, routed)           0.232     2.239    u_7seg/nibble__28[2]
    SLICE_X1Y68          LUT5 (Prop_lut5_I2_O)        0.045     2.284 r  u_7seg/CE_OBUF_inst_i_1/O
                         net (fo=1, routed)           0.413     2.696    CE_OBUF
    P15                  OBUF (Prop_obuf_I_O)         1.234     3.931 r  CE_OBUF_inst/O
                         net (fo=0)                   0.000     3.931    CE
    P15                                                               r  CE (OUT)
  -------------------------------------------------------------------    -------------------

Slack:                    inf
  Source:                 u_7seg/scan_reg[14]/C
                            (rising edge-triggered cell FDRE clocked by sys_clk_pin  {rise@0.000ns fall@5.000ns period=10.000ns})
  Destination:            AN[2]
                            (output port)
  Path Group:             (none)
  Path Type:              Min at Fast Process Corner
  Data Path Delay:        2.435ns  (logic 1.551ns (63.688%)  route 0.884ns (36.312%))
  Logic Levels:           2  (LUT3=1 OBUF=1)
  Clock Uncertainty:      0.025ns  ((TSJ^2 + TIJ^2)^1/2 + DJ) / 2 + PE
    Total System Jitter     (TSJ):    0.050ns
    Total Input Jitter      (TIJ):    0.000ns
    Discrete Jitter          (DJ):    0.000ns
    Phase Error              (PE):    0.000ns

    Location             Delay type                Incr(ns)  Path(ns)    Netlist Resource(s)
  -------------------------------------------------------------------    -------------------
                         (clock sys_clk_pin rise edge)
                                                      0.000     0.000 r  
    E3                                                0.000     0.000 r  CLK100MHZ (IN)
                         net (fo=0)                   0.000     0.000    CLK100MHZ
    E3                   IBUF (Prop_ibuf_I_O)         0.250     0.250 r  CLK100MHZ_IBUF_inst/O
                         net (fo=1, routed)           0.644     0.894    CLK100MHZ_IBUF
    BUFGCTRL_X0Y16       BUFG (Prop_bufg_I_O)         0.026     0.920 r  CLK100MHZ_IBUF_BUFG_inst/O
                         net (fo=23, routed)          0.594     1.513    u_7seg/CLK100MHZ_IBUF_BUFG
    SLICE_X2Y71          FDRE                                         r  u_7seg/scan_reg[14]/C
  -------------------------------------------------------------------    -------------------
    SLICE_X2Y71          FDRE (Prop_fdre_C_Q)         0.164     1.677 r  u_7seg/scan_reg[14]/Q
                         net (fo=18, routed)          0.276     1.953    u_7seg/digit[0]
    SLICE_X0Y70          LUT3 (Prop_lut3_I1_O)        0.045     1.998 r  u_7seg/AN_OBUF[2]_inst_i_1/O
                         net (fo=1, routed)           0.608     2.607    AN_OBUF[2]
    T9                   OBUF (Prop_obuf_I_O)         1.342     3.948 r  AN_OBUF[2]_inst/O
                         net (fo=0)                   0.000     3.948    AN[2]
    T9                                                                r  AN[2] (OUT)
  -------------------------------------------------------------------    -------------------

Slack:                    inf
  Source:                 u_7seg/scan_reg[14]/C
                            (rising edge-triggered cell FDRE clocked by sys_clk_pin  {rise@0.000ns fall@5.000ns period=10.000ns})
  Destination:            CF
                            (output port)
  Path Group:             (none)
  Path Type:              Min at Fast Process Corner
  Data Path Delay:        2.475ns  (logic 1.586ns (64.092%)  route 0.889ns (35.908%))
  Logic Levels:           3  (LUT5=1 LUT6=1 OBUF=1)
  Clock Uncertainty:      0.025ns  ((TSJ^2 + TIJ^2)^1/2 + DJ) / 2 + PE
    Total System Jitter     (TSJ):    0.050ns
    Total Input Jitter      (TIJ):    0.000ns
    Discrete Jitter          (DJ):    0.000ns
    Phase Error              (PE):    0.000ns

    Location             Delay type                Incr(ns)  Path(ns)    Netlist Resource(s)
  -------------------------------------------------------------------    -------------------
                         (clock sys_clk_pin rise edge)
                                                      0.000     0.000 r  
    E3                                                0.000     0.000 r  CLK100MHZ (IN)
                         net (fo=0)                   0.000     0.000    CLK100MHZ
    E3                   IBUF (Prop_ibuf_I_O)         0.250     0.250 r  CLK100MHZ_IBUF_inst/O
                         net (fo=1, routed)           0.644     0.894    CLK100MHZ_IBUF
    BUFGCTRL_X0Y16       BUFG (Prop_bufg_I_O)         0.026     0.920 r  CLK100MHZ_IBUF_BUFG_inst/O
                         net (fo=23, routed)          0.594     1.513    u_7seg/CLK100MHZ_IBUF_BUFG
    SLICE_X2Y71          FDRE                                         r  u_7seg/scan_reg[14]/C
  -------------------------------------------------------------------    -------------------
    SLICE_X2Y71          FDRE (Prop_fdre_C_Q)         0.164     1.677 r  u_7seg/scan_reg[14]/Q
                         net (fo=18, routed)          0.284     1.962    u_7seg/digit[0]
    SLICE_X4Y68          LUT6 (Prop_lut6_I4_O)        0.045     2.007 r  u_7seg/CA_OBUF_inst_i_5/O
                         net (fo=7, routed)           0.232     2.239    u_7seg/nibble__28[2]
    SLICE_X1Y68          LUT5 (Prop_lut5_I1_O)        0.051     2.290 r  u_7seg/CF_OBUF_inst_i_1/O
                         net (fo=1, routed)           0.372     2.662    CF_OBUF
    T11                  OBUF (Prop_obuf_I_O)         1.326     3.988 r  CF_OBUF_inst/O
                         net (fo=0)                   0.000     3.988    CF
    T11                                                               r  CF (OUT)
  -------------------------------------------------------------------    -------------------

Slack:                    inf
  Source:                 u_7seg/scan_reg[15]/C
                            (rising edge-triggered cell FDRE clocked by sys_clk_pin  {rise@0.000ns fall@5.000ns period=10.000ns})
  Destination:            AN[3]
                            (output port)
  Path Group:             (none)
  Path Type:              Min at Fast Process Corner
  Data Path Delay:        2.476ns  (logic 1.462ns (59.037%)  route 1.014ns (40.963%))
  Logic Levels:           2  (LUT3=1 OBUF=1)
  Clock Uncertainty:      0.025ns  ((TSJ^2 + TIJ^2)^1/2 + DJ) / 2 + PE
    Total System Jitter     (TSJ):    0.050ns
    Total Input Jitter      (TIJ):    0.000ns
    Discrete Jitter          (DJ):    0.000ns
    Phase Error              (PE):    0.000ns

    Location             Delay type                Incr(ns)  Path(ns)    Netlist Resource(s)
  -------------------------------------------------------------------    -------------------
                         (clock sys_clk_pin rise edge)
                                                      0.000     0.000 r  
    E3                                                0.000     0.000 r  CLK100MHZ (IN)
                         net (fo=0)                   0.000     0.000    CLK100MHZ
    E3                   IBUF (Prop_ibuf_I_O)         0.250     0.250 r  CLK100MHZ_IBUF_inst/O
                         net (fo=1, routed)           0.644     0.894    CLK100MHZ_IBUF
    BUFGCTRL_X0Y16       BUFG (Prop_bufg_I_O)         0.026     0.920 r  CLK100MHZ_IBUF_BUFG_inst/O
                         net (fo=23, routed)          0.594     1.513    u_7seg/CLK100MHZ_IBUF_BUFG
    SLICE_X2Y71          FDRE                                         r  u_7seg/scan_reg[15]/C
  -------------------------------------------------------------------    -------------------
    SLICE_X2Y71          FDRE (Prop_fdre_C_Q)         0.164     1.677 f  u_7seg/scan_reg[15]/Q
                         net (fo=18, routed)          0.192     1.869    u_7seg/digit[1]
    SLICE_X0Y71          LUT3 (Prop_lut3_I0_O)        0.045     1.914 r  u_7seg/AN_OBUF[3]_inst_i_1/O
                         net (fo=1, routed)           0.822     2.737    AN_OBUF[3]
    J14                  OBUF (Prop_obuf_I_O)         1.253     3.989 r  AN_OBUF[3]_inst/O
                         net (fo=0)                   0.000     3.989    AN[3]
    J14                                                               r  AN[3] (OUT)
  -------------------------------------------------------------------    -------------------

Slack:                    inf
  Source:                 u_7seg/scan_reg[14]/C
                            (rising edge-triggered cell FDRE clocked by sys_clk_pin  {rise@0.000ns fall@5.000ns period=10.000ns})
  Destination:            AN[1]
                            (output port)
  Path Group:             (none)
  Path Type:              Min at Fast Process Corner
  Data Path Delay:        2.514ns  (logic 1.445ns (57.491%)  route 1.069ns (42.509%))
  Logic Levels:           2  (LUT3=1 OBUF=1)
  Clock Uncertainty:      0.025ns  ((TSJ^2 + TIJ^2)^1/2 + DJ) / 2 + PE
    Total System Jitter     (TSJ):    0.050ns
    Total Input Jitter      (TIJ):    0.000ns
    Discrete Jitter          (DJ):    0.000ns
    Phase Error              (PE):    0.000ns

    Location             Delay type                Incr(ns)  Path(ns)    Netlist Resource(s)
  -------------------------------------------------------------------    -------------------
                         (clock sys_clk_pin rise edge)
                                                      0.000     0.000 r  
    E3                                                0.000     0.000 r  CLK100MHZ (IN)
                         net (fo=0)                   0.000     0.000    CLK100MHZ
    E3                   IBUF (Prop_ibuf_I_O)         0.250     0.250 r  CLK100MHZ_IBUF_inst/O
                         net (fo=1, routed)           0.644     0.894    CLK100MHZ_IBUF
    BUFGCTRL_X0Y16       BUFG (Prop_bufg_I_O)         0.026     0.920 r  CLK100MHZ_IBUF_BUFG_inst/O
                         net (fo=23, routed)          0.594     1.513    u_7seg/CLK100MHZ_IBUF_BUFG
    SLICE_X2Y71          FDRE                                         r  u_7seg/scan_reg[14]/C
  -------------------------------------------------------------------    -------------------
    SLICE_X2Y71          FDRE (Prop_fdre_C_Q)         0.164     1.677 f  u_7seg/scan_reg[14]/Q
                         net (fo=18, routed)          0.276     1.953    u_7seg/digit[0]
    SLICE_X0Y70          LUT3 (Prop_lut3_I2_O)        0.045     1.998 r  u_7seg/AN_OBUF[1]_inst_i_1/O
                         net (fo=1, routed)           0.793     2.791    AN_OBUF[1]
    J18                  OBUF (Prop_obuf_I_O)         1.236     4.028 r  AN_OBUF[1]_inst/O
                         net (fo=0)                   0.000     4.028    AN[1]
    J18                                                               r  AN[1] (OUT)
  -------------------------------------------------------------------    -------------------

Slack:                    inf
  Source:                 u_7seg/scan_reg[14]/C
                            (rising edge-triggered cell FDRE clocked by sys_clk_pin  {rise@0.000ns fall@5.000ns period=10.000ns})
  Destination:            CB
                            (output port)
  Path Group:             (none)
  Path Type:              Min at Fast Process Corner
  Data Path Delay:        2.686ns  (logic 1.510ns (56.229%)  route 1.176ns (43.771%))
  Logic Levels:           3  (LUT5=1 LUT6=1 OBUF=1)
  Clock Uncertainty:      0.025ns  ((TSJ^2 + TIJ^2)^1/2 + DJ) / 2 + PE
    Total System Jitter     (TSJ):    0.050ns
    Total Input Jitter      (TIJ):    0.000ns
    Discrete Jitter          (DJ):    0.000ns
    Phase Error              (PE):    0.000ns

    Location             Delay type                Incr(ns)  Path(ns)    Netlist Resource(s)
  -------------------------------------------------------------------    -------------------
                         (clock sys_clk_pin rise edge)
                                                      0.000     0.000 r  
    E3                                                0.000     0.000 r  CLK100MHZ (IN)
                         net (fo=0)                   0.000     0.000    CLK100MHZ
    E3                   IBUF (Prop_ibuf_I_O)         0.250     0.250 r  CLK100MHZ_IBUF_inst/O
                         net (fo=1, routed)           0.644     0.894    CLK100MHZ_IBUF
    BUFGCTRL_X0Y16       BUFG (Prop_bufg_I_O)         0.026     0.920 r  CLK100MHZ_IBUF_BUFG_inst/O
                         net (fo=23, routed)          0.594     1.513    u_7seg/CLK100MHZ_IBUF_BUFG
    SLICE_X2Y71          FDRE                                         r  u_7seg/scan_reg[14]/C
  -------------------------------------------------------------------    -------------------
    SLICE_X2Y71          FDRE (Prop_fdre_C_Q)         0.164     1.677 r  u_7seg/scan_reg[14]/Q
                         net (fo=18, routed)          0.284     1.962    u_7seg/digit[0]
    SLICE_X4Y68          LUT6 (Prop_lut6_I4_O)        0.045     2.007 r  u_7seg/CA_OBUF_inst_i_5/O
                         net (fo=7, routed)           0.306     2.313    u_7seg/nibble__28[2]
    SLICE_X1Y68          LUT5 (Prop_lut5_I3_O)        0.045     2.358 r  u_7seg/CB_OBUF_inst_i_1/O
                         net (fo=1, routed)           0.585     2.943    CB_OBUF
    R10                  OBUF (Prop_obuf_I_O)         1.256     4.199 r  CB_OBUF_inst/O
                         net (fo=0)                   0.000     4.199    CB
    R10                                                               r  CB (OUT)
  -------------------------------------------------------------------    -------------------





